,Mfg_Year,KM,CC,Doors,Gears,Quarterly_Tax,Weight,Guarantee_Period,Airco,Automatic_airco,CD_Player,Central_Lock,Radio,Metallic_Rim,Radio_cassette,Diesel,Petrol,Black,Blue,Green,Grey,Red,Silver,Violet,White,Yellow
0,2002,46986,2000,3,5,210,1165,3,0,0,0,1,0,0,0,1,0,0,1,0,0,0,0,0,0,0
1,2002,72937,2000,3,5,210,1165,3,1,0,1,1,0,0,0,1,0,0,0,0,0,0,1,0,0,0
2,2002,38500,2000,3,5,210,1170,3,1,0,0,1,0,0,0,1,0,1,0,0,0,0,0,0,0,0
3,2002,31461,1800,3,6,100,1185,12,1,1,1,1,0,1,0,0,1,0,0,0,0,0,1,0,0,0
4,2002,32189,1800,3,6,100,1185,3,1,1,0,1,0,1,0,0,1,0,0,0,0,1,0,0,0,0
5,2002,23000,1800,3,6,100,1185,3,1,1,1,1,0,1,0,0,1,1,0,0,0,0,0,0,0,0
6,2002,18739,1800,3,6,100,1185,3,1,1,0,1,0,1,0,0,1,0,0,0,1,0,0,0,0,0
7,2002,34000,1800,3,5,100,1185,3,1,1,1,1,0,1,0,0,1,0,0,0,1,0,0,0,0,0
8,2002,21716,1600,3,5,85,1105,18,1,0,0,1,1,0,1,0,1,0,1,0,0,0,0,0,0,0
9,2002,64359,1600,3,5,85,1105,3,1,0,1,1,0,0,0,0,1,0,0,0,1,0,0,0,0,0
10,2002,67660,1600,3,5,85,1105,3,1,0,1,1,0,0,0,0,1,0,1,0,0,0,0,0,0,0
11,2002,43905,1600,3,5,100,1170,3,1,1,0,1,0,0,0,0,1,0,0,0,1,0,0,0,0,0
12,2002,56349,1600,3,5,85,1120,3,1,1,1,1,0,1,0,0,1,1,0,0,0,0,0,0,0,0
13,2002,32220,1600,3,5,85,1120,3,1,1,1,1,0,0,0,0,1,1,0,0,0,0,0,0,0,0
14,2002,28450,1600,3,5,85,1120,3,1,1,1,1,0,1,0,0,1,0,1,0,0,0,0,0,0,0
15,2002,34545,1600,3,5,85,1120,3,1,1,1,1,0,1,0,0,1,0,1,0,0,0,0,0,0,0
16,2002,41415,1600,3,5,85,1120,3,1,1,1,1,0,1,0,0,1,1,0,0,0,0,0,0,0,0
17,2002,11090,1600,3,5,85,1120,3,1,1,1,1,0,0,0,0,1,0,1,0,0,0,0,0,0,0
18,2002,9750,1400,3,5,19,1100,12,0,0,0,0,1,0,1,0,1,0,0,0,0,0,1,0,0,0
19,2002,29510,1400,3,5,85,1100,3,1,0,0,1,0,0,0,0,1,1,0,0,0,0,0,0,0,0
20,2002,32692,1400,3,5,85,1100,3,1,0,0,1,0,0,0,0,1,0,0,0,1,0,0,0,0,0
21,2002,43000,1400,3,5,85,1100,3,1,0,1,1,0,0,0,0,1,0,0,0,1,0,0,0,0,0
22,2002,25000,1400,3,5,85,1100,3,1,0,1,1,0,0,0,0,1,0,0,0,1,0,0,0,0,0
23,2002,10000,1400,3,5,85,1100,3,0,0,0,1,0,0,0,0,1,0,1,0,0,0,0,0,0,0
24,2002,25329,1400,3,5,85,1100,3,1,0,1,1,0,0,0,0,1,0,0,1,0,0,0,0,0,0
25,2002,49059,1400,3,5,85,1100,3,0,0,0,0,0,0,0,0,1,0,1,0,0,0,0,0,0,0
26,2002,44068,1400,3,5,85,1100,3,1,0,1,1,0,0,0,0,1,0,0,0,0,1,0,0,0,0
27,2002,46961,1400,3,5,85,1100,3,0,0,0,0,0,0,0,0,1,0,1,0,0,0,0,0,0,0
28,2002,110404,2000,5,5,234,1255,3,1,0,0,1,0,0,0,1,0,0,0,0,0,1,0,0,0,0
29,2002,79375,2000,5,5,234,1255,3,1,0,1,1,0,0,0,1,0,0,0,0,1,0,0,0,0,0
30,2002,75048,1400,5,5,85,1110,3,1,0,1,1,0,0,0,0,1,0,1,0,0,0,0,0,0,0
31,2002,72215,2000,5,5,234,1255,3,1,0,0,1,0,0,0,1,0,0,0,0,1,0,0,0,0,0
32,2002,57086,1400,5,5,85,1110,3,1,0,1,1,0,1,0,0,1,0,0,0,1,0,0,0,0,0
33,2002,56000,1600,5,5,100,1180,3,1,1,1,1,0,1,0,0,1,0,1,0,0,0,0,0,0,0
34,2002,49866,1800,5,5,100,1195,13,1,0,0,1,1,1,1,0,1,0,0,1,0,0,0,0,0,0
35,2002,49163,1600,5,5,100,1165,3,0,0,1,0,0,0,0,0,1,0,0,1,0,0,0,0,0,0
36,2002,45725,1600,5,5,85,1075,3,1,0,1,1,0,0,0,0,1,1,0,0,0,0,0,0,0,0
37,2002,43210,1400,5,5,85,1110,3,1,0,0,1,0,0,0,0,1,0,0,0,1,0,0,0,0,0
38,2002,43000,1400,5,5,85,1110,3,1,0,0,1,0,0,0,0,1,0,0,0,1,0,0,0,0,0
39,2002,39704,1600,5,5,100,1180,3,1,1,1,1,0,0,0,0,1,0,1,0,0,0,0,0,0,0
40,2002,38950,1600,5,5,85,1130,3,1,1,0,1,0,0,0,0,1,0,0,0,0,1,0,0,0,0
41,2002,37177,1600,5,5,85,1130,3,1,1,1,1,0,0,0,0,1,0,0,0,0,1,0,0,0,0
42,2002,36544,1600,5,5,85,1130,3,1,1,0,1,0,0,0,0,1,0,1,0,0,0,0,0,0,0
43,2002,33511,1600,5,5,85,1130,3,1,1,0,1,0,0,0,0,1,0,1,0,0,0,0,0,0,0
44,2002,32809,1400,5,5,85,1110,3,1,0,1,1,0,0,0,0,1,1,0,0,0,0,0,0,0,0
45,2002,32181,1600,5,5,19,1075,12,1,1,1,1,0,0,0,0,1,0,1,0,0,0,0,0,0,0
46,2002,30993,1600,5,5,85,1130,3,1,1,1,1,0,0,0,0,1,1,0,0,0,0,0,0,0,0
47,2002,29719,1400,5,5,85,1110,3,0,0,1,0,0,0,0,0,1,1,0,0,0,0,0,0,0,0
48,2002,29206,1400,5,5,85,1110,3,1,0,1,1,0,0,0,0,1,0,0,0,1,0,0,0,0,0
49,2002,28817,1598,5,5,85,1130,3,1,1,1,1,0,0,0,0,1,0,0,0,1,0,0,0,0,0
50,2002,28000,1600,5,5,85,1115,3,1,0,1,1,0,0,0,0,1,0,0,0,1,0,0,0,0,0
51,2002,25266,1600,5,5,85,1130,3,1,1,1,1,0,0,0,0,1,0,0,0,1,0,0,0,0,0
52,2002,23489,1600,5,5,85,1115,3,0,0,0,1,0,0,0,0,1,0,0,0,0,0,1,0,0,0
53,2002,22575,1600,5,5,85,1115,3,1,0,1,1,0,0,0,0,1,0,0,0,1,0,0,0,0,0
54,2002,20019,16000,5,5,100,1180,3,1,1,1,1,0,0,0,0,1,0,1,0,0,0,0,0,0,0
55,2002,16238,1600,5,5,100,1180,3,1,1,1,1,0,0,0,0,1,0,1,0,0,0,0,0,0,0
56,2002,15414,1400,5,5,85,1110,3,1,0,1,1,0,0,0,0,1,0,0,0,1,0,0,0,0,0
57,2002,8537,1600,5,5,85,1130,3,1,1,0,1,0,0,0,0,1,0,0,0,1,0,0,0,0,0
58,2002,7000,1400,5,5,85,1100,12,1,0,0,1,1,0,1,0,1,0,0,0,0,0,1,0,0,0
59,2003,66966,2000,3,5,210,1245,3,1,0,1,1,0,0,0,1,0,0,1,0,0,0,0,0,0,0
60,2003,51884,1400,3,5,85,1100,3,1,0,1,1,0,0,0,0,1,0,0,0,1,0,0,0,0,0
61,2003,48110,1400,3,5,85,1100,3,1,0,1,1,0,0,0,0,1,1,0,0,0,0,0,0,0,0
62,2003,37500,2000,3,5,234,1260,3,1,1,1,1,0,0,0,1,0,1,0,0,0,0,0,0,0,0
63,2003,34472,1995,3,5,234,1260,3,1,1,1,1,0,1,0,1,0,0,0,0,1,0,0,0,0,0
64,2003,33329,1400,3,5,85,1100,3,1,0,1,1,0,0,0,0,1,0,0,0,1,0,0,0,0,0
65,2003,31850,1600,3,5,85,1120,20,1,0,0,1,1,0,1,0,1,1,0,0,0,0,0,0,0,0
66,2003,29435,1400,3,5,85,1100,3,1,0,1,1,0,0,0,0,1,1,0,0,0,0,0,0,0,0
67,2003,25948,1400,3,5,85,1100,3,1,0,1,1,0,0,0,0,1,0,1,0,0,0,0,0,0,0
68,2003,24500,1600,3,5,85,1120,3,1,1,0,1,0,1,0,0,1,0,1,0,0,0,0,0,0,0
69,2003,23902,1400,3,5,85,1100,3,1,0,1,1,0,1,0,0,1,0,0,0,1,0,0,0,0,0
70,2003,23175,1600,3,5,85,1120,3,1,1,0,1,0,0,0,0,1,0,0,0,1,0,0,0,0,0
71,2003,19200,1400,3,5,85,1100,3,1,0,0,1,0,1,0,0,1,0,1,0,0,0,0,0,0,0
72,2003,16123,1600,3,5,85,1105,3,1,0,1,1,0,1,0,0,1,0,0,0,1,0,0,0,0,0
73,2003,14635,1600,3,5,100,1155,3,1,0,0,1,0,0,0,0,1,0,1,0,0,0,0,0,0,0
74,2003,13748,1400,3,5,85,1100,3,1,0,1,1,0,0,0,0,1,0,0,1,0,0,0,0,0,0
75,2003,11500,1600,3,5,69,1045,12,1,0,0,1,1,0,1,0,1,0,1,0,0,0,0,0,0,0
76,2003,7187,1600,3,5,85,1105,3,1,0,1,1,0,0,0,0,1,0,1,0,0,0,0,0,0,0
77,2004,4000,2000,5,5,283,1480,3,1,1,1,1,0,1,0,1,0,0,0,0,1,0,0,0,0,0
78,2004,13253,2000,5,5,234,1320,3,1,1,1,1,0,0,0,1,0,0,0,0,1,0,0,0,0,0
79,2004,13253,2000,5,5,234,1320,3,1,1,1,1,0,0,0,1,0,0,0,0,1,0,0,0,0,0
80,2004,10000,2000,5,5,234,1270,3,1,0,1,1,0,1,0,1,0,0,0,0,0,0,1,0,0,0
81,2004,6000,2000,5,5,234,1280,3,1,1,0,1,0,1,0,1,0,0,0,0,1,0,0,0,0,0
82,2004,10841,2000,5,5,234,1270,3,1,1,1,1,0,0,0,1,0,0,0,0,1,0,0,0,0,0
83,2004,1,1600,3,5,85,1105,3,1,0,0,1,0,0,0,0,1,0,0,0,1,0,0,0,0,0
84,2003,63000,2000,5,5,234,1255,3,1,0,1,1,0,0,0,1,0,0,1,0,0,0,0,0,0,0
85,2003,51099,2000,5,5,234,1255,3,1,0,0,1,1,0,1,1,0,0,0,0,0,0,1,0,0,0
86,2003,40010,1600,5,5,85,1115,3,0,0,1,1,0,0,0,0,1,1,0,0,0,0,0,0,0,0
87,2003,36012,1600,5,5,85,1130,3,1,1,0,1,0,0,0,0,1,0,0,0,0,1,0,0,0,0
88,2003,36000,1600,5,5,85,1130,3,1,1,1,1,0,1,0,0,1,1,0,0,0,0,0,0,0,0
89,2003,36000,1600,5,5,19,1075,3,1,0,0,1,1,1,1,0,1,0,1,0,0,0,0,0,0,0
90,2003,35000,1400,5,5,85,1110,3,1,0,1,1,0,0,0,0,1,0,1,0,0,0,0,0,0,0
91,2003,33740,1400,5,5,85,1135,3,1,1,0,1,0,0,0,0,1,0,1,0,0,0,0,0,0,0
92,2003,33477,1600,5,5,19,1075,3,1,0,1,1,0,0,0,0,1,1,0,0,0,0,0,0,0,0
93,2003,32627,1400,5,5,85,1110,3,1,0,1,1,0,0,0,0,1,0,0,0,1,0,0,0,0,0
94,2003,29797,1400,5,5,85,1110,3,1,0,1,1,0,0,0,0,1,0,1,0,0,0,0,0,0,0
95,2003,29441,1400,5,5,85,1110,3,1,0,1,1,0,0,0,0,1,0,1,0,0,0,0,0,0,0
96,2003,29371,1600,4,5,19,1105,24,1,0,1,1,0,0,0,0,1,1,0,0,0,0,0,0,0,0
97,2003,29000,1400,5,5,85,1110,3,1,0,1,1,0,0,0,0,1,0,1,0,0,0,0,0,0,0
98,2003,27821,1400,5,5,85,1110,3,1,0,0,1,0,0,0,0,1,0,0,0,1,0,0,0,0,0
99,2003,27371,1400,5,5,85,1135,3,1,1,1,1,0,0,0,0,1,1,0,0,0,0,0,0,0,0
100,2003,25170,1600,5,5,19,1105,24,1,0,1,1,0,0,0,0,1,1,0,0,0,0,0,0,0,0
101,2003,25000,2000,5,5,64,1320,3,1,0,1,1,0,1,0,1,0,0,0,0,1,0,0,0,0,0
102,2003,22588,1400,5,5,85,1110,3,1,0,1,1,0,0,0,0,1,0,0,0,0,0,1,0,0,0
103,2003,21684,1800,5,5,19,1185,12,1,0,0,1,1,1,1,0,1,0,0,0,0,0,1,0,0,0
104,2003,21428,1600,5,5,85,1130,3,1,1,1,1,0,1,0,0,1,1,0,0,0,0,0,0,0,0
105,2003,20270,1600,5,5,85,1130,3,1,1,1,1,0,0,0,0,1,0,1,0,0,0,0,0,0,0
106,2003,20000,1600,5,5,100,1165,3,1,0,1,1,0,0,0,0,1,0,1,0,0,0,0,0,0,0
107,2003,19988,1600,5,5,85,1130,3,1,1,1,1,0,1,0,0,1,0,0,0,1,0,0,0,0,0
108,2003,18328,1600,5,5,85,1130,3,1,1,0,1,0,0,0,0,1,0,0,0,1,0,0,0,0,0
109,2003,17896,1600,4,5,85,1150,3,1,1,1,1,0,0,0,0,1,0,0,0,0,0,1,0,0,0
110,2003,17300,1400,5,5,85,1110,3,1,0,1,1,0,0,0,0,1,0,0,0,1,0,0,0,0,0
111,2003,17038,1600,5,5,85,1130,3,1,1,0,1,0,0,0,0,1,1,0,0,0,0,0,0,0,0
112,2003,13747,1400,5,5,85,1110,3,1,0,1,1,0,1,0,0,1,1,0,0,0,0,0,0,0,0
113,2003,13178,1600,5,5,85,1130,3,1,1,0,1,0,1,0,0,1,1,0,0,0,0,0,0,0,0
114,2003,13000,1600,4,5,85,1105,3,1,1,1,1,0,0,0,0,1,0,0,0,1,0,0,0,0,0
115,2003,11999,1600,5,5,85,1130,3,1,1,1,1,0,1,0,0,1,0,0,0,1,0,0,0,0,0
116,2003,11754,1600,5,5,100,1180,3,1,1,1,1,0,0,0,0,1,0,0,0,1,0,0,0,0,0
117,2003,10000,1598,5,5,85,1105,12,1,0,0,1,0,0,0,0,1,0,0,0,0,0,1,0,0,0
118,2003,7650,1600,5,5,85,1115,3,1,0,0,1,0,0,0,0,1,0,0,0,0,0,1,0,0,0
119,2003,6500,1600,4,5,85,1100,28,1,0,0,1,1,0,1,0,1,0,0,0,0,0,1,0,0,0
120,2003,6155,1400,5,5,85,1110,3,1,0,1,1,0,0,0,0,1,0,1,0,0,0,0,0,0,0
121,2003,6000,1600,5,5,85,1130,3,1,1,1,1,0,0,0,0,1,0,1,0,0,0,0,0,0,0
122,2003,5459,1600,5,5,85,1130,3,1,1,1,1,0,1,0,0,1,0,0,0,1,0,0,0,0,0
123,2003,5278,1600,4,5,85,1150,3,1,1,1,1,0,0,0,0,1,0,0,0,0,0,1,0,0,0
124,2003,5000,1600,5,5,85,1130,3,1,1,1,1,0,0,0,0,1,1,0,0,0,0,0,0,0,0
125,2003,1,1400,4,5,19,1065,36,1,0,1,1,0,0,0,0,1,0,0,0,0,0,1,0,0,0
126,2004,11000,1600,5,5,85,1130,24,0,0,0,1,1,1,1,0,1,0,1,0,0,0,0,0,0,0
127,2004,10077,1400,5,5,85,1110,3,1,0,1,1,0,1,0,0,1,1,0,0,0,0,0,0,0,0
128,2004,9788,1600,5,5,85,1130,3,1,1,1,1,0,1,0,0,1,0,0,0,0,0,1,0,0,0
129,2004,8574,1600,5,5,85,1130,3,1,1,1,1,0,1,0,0,1,1,0,0,0,0,0,0,0,0
130,2004,6250,1600,5,5,85,1115,3,1,0,1,1,0,1,0,0,1,0,0,0,1,0,0,0,0,0
131,2004,5000,1600,5,5,85,1130,3,1,1,0,1,0,1,0,0,1,0,0,0,1,0,0,0,0,0
132,2004,15,1600,5,5,85,1130,3,1,1,1,1,0,0,0,0,1,0,1,0,0,0,0,0,0,0
133,2004,1,1400,4,5,19,1100,36,1,0,1,1,0,0,0,0,1,0,0,0,1,0,0,0,0,0
134,2001,243000,1900,3,5,185,1110,3,1,0,0,1,1,1,1,1,0,0,0,0,0,0,0,0,1,0
135,2001,180638,2000,4,5,210,1160,3,1,0,0,1,0,0,0,1,0,0,0,0,0,1,0,0,0,0
136,2001,179860,2000,5,5,210,1205,3,1,0,1,1,0,0,0,1,0,0,1,0,0,0,0,0,0,0
137,2001,158320,1800,5,5,64,1110,3,0,0,0,1,0,0,0,1,0,0,0,0,0,0,0,0,1,0
138,2001,130062,1900,5,5,185,1140,3,1,0,0,0,0,0,0,1,0,0,0,0,0,1,0,0,0,0
139,2001,123425,1900,5,5,185,1140,3,1,0,1,1,0,0,0,1,0,0,1,0,0,0,0,0,0,0
140,2001,110000,1900,5,5,185,1095,6,1,0,0,1,0,0,0,1,0,0,0,0,0,0,1,0,0,0
141,2001,105699,1400,3,5,69,1025,3,0,0,0,0,0,0,0,0,1,0,0,0,1,0,0,0,0,0
142,2001,96829,1600,5,5,85,1075,3,1,0,1,0,0,1,0,0,1,0,0,0,0,1,0,0,0,0
143,2001,96518,1400,3,5,69,1025,12,1,0,0,0,1,0,1,0,1,0,0,0,0,1,0,0,0,0
144,2001,91456,1900,3,5,185,1110,3,1,0,0,1,0,0,0,1,0,0,0,0,0,1,0,0,0,0
145,2001,89968,1900,5,5,185,1140,3,0,0,0,1,1,1,1,1,0,0,0,1,0,0,0,0,0,0
146,2001,89757,1600,3,5,69,1045,3,1,0,1,1,0,1,0,0,1,1,0,0,0,0,0,0,0,0
147,2001,85017,1400,5,5,85,1060,3,0,0,1,0,0,0,0,0,1,0,0,0,0,1,0,0,0,0
148,2001,82743,1600,5,5,197,1121,3,1,0,1,1,0,0,0,0,0,0,0,1,0,0,0,0,0,0
149,2001,81106,1900,5,5,185,1140,3,1,0,0,1,0,0,0,1,0,1,0,0,0,0,0,0,0,0
150,2001,78677,1600,5,5,85,1105,3,1,0,1,1,0,0,0,0,1,0,1,0,0,0,0,0,0,0
151,2001,78425,1600,5,5,85,1075,3,0,0,1,0,0,0,0,0,1,0,1,0,0,0,0,0,0,0
152,2001,78108,2000,3,5,210,1170,3,1,0,0,1,0,0,0,1,0,0,0,0,1,0,0,0,0,0
153,2001,77321,1600,5,5,85,1075,3,1,0,0,1,0,0,0,0,1,0,0,0,1,0,0,0,0,0
154,2001,74172,1600,5,5,163,1615,3,1,0,1,1,0,0,0,0,1,1,0,0,0,0,0,0,0,0
155,2001,71793,1600,4,5,197,1067,3,1,0,1,1,0,0,0,0,0,0,0,0,0,1,0,0,0,0
156,2001,71200,1600,5,5,85,1075,3,1,0,1,0,0,0,0,0,1,0,0,1,0,0,0,0,0,0
157,2001,67805,1600,5,5,85,1075,3,1,0,1,0,0,0,0,0,1,0,1,0,0,0,0,0,0,0
158,2001,65988,1600,3,5,69,1040,3,0,0,0,0,1,0,1,0,1,0,1,0,0,0,0,0,0,0
159,2001,65345,1400,5,5,85,1060,3,1,0,1,1,0,0,0,0,1,0,0,0,0,1,0,0,0,0
160,2001,64564,1600,5,5,85,1080,3,1,0,1,1,0,0,0,0,1,0,0,0,0,0,1,0,0,0
161,2001,63459,1400,5,5,85,1060,3,1,0,1,1,0,1,0,0,1,0,0,1,0,0,0,0,0,0
162,2001,62000,1600,5,5,19,1075,12,1,0,0,1,1,0,1,0,1,0,0,1,0,0,0,0,0,0
163,2001,61300,1400,3,5,69,1030,3,1,0,1,1,0,0,0,0,1,0,1,0,0,0,0,0,0,0
164,2001,61000,1600,5,5,85,1075,3,0,0,0,0,0,0,0,0,1,0,0,0,0,1,0,0,0,0
165,2001,60829,1600,5,5,85,1075,3,0,0,0,0,0,0,0,0,1,0,1,0,0,0,0,0,0,0
166,2001,60500,1600,5,5,85,1075,12,0,0,0,0,0,0,1,0,1,0,0,0,0,1,0,0,0,0
167,2001,59500,1900,3,5,64,1110,12,1,0,0,1,1,0,1,1,0,0,0,0,0,0,1,0,0,0
168,2001,58798,1600,5,5,85,1075,3,0,0,0,0,0,0,0,0,1,0,0,0,1,0,0,0,0,0
169,2001,58363,1600,3,5,85,1055,3,1,0,1,1,0,1,0,0,1,1,0,0,0,0,0,0,0,0
170,2001,55678,1600,4,5,69,1030,3,1,0,1,1,0,1,0,0,1,0,1,0,0,0,0,0,0,0
171,2001,55539,1600,5,5,85,1085,3,1,0,0,0,1,0,1,0,1,0,0,0,0,1,0,0,0,0
172,2001,55400,1600,5,5,85,1075,3,0,0,1,0,0,0,0,0,1,0,0,0,0,1,0,0,0,0
173,2001,54600,1600,4,5,69,1030,3,1,0,0,0,0,0,0,0,1,0,1,0,0,0,0,0,0,0
174,2001,53773,1600,5,5,85,1075,3,0,0,0,0,1,0,1,0,1,0,0,0,1,0,0,0,0,0
175,2001,53719,1600,5,5,85,1105,3,0,0,0,1,0,0,0,0,1,0,0,0,1,0,0,0,0,0
176,2001,53644,1600,5,5,19,1075,3,0,0,0,0,0,0,0,0,1,0,0,1,0,0,0,0,0,0
177,2001,53350,1600,5,5,85,1075,12,0,0,0,0,1,0,1,0,1,1,0,0,0,0,0,0,0,0
178,2001,53000,1600,5,5,85,1075,6,1,0,0,1,1,0,1,0,1,0,0,0,0,0,1,0,0,0
179,2001,51945,1600,5,5,85,1075,3,1,0,1,1,0,0,0,0,1,0,0,1,0,0,0,0,0,0
180,2001,50873,1600,5,5,85,1075,3,0,0,1,0,0,0,0,0,1,0,1,0,0,0,0,0,0,0
181,2001,50856,1600,4,5,69,1030,12,1,0,0,1,1,0,1,0,1,0,0,1,0,0,0,0,0,0
182,2001,50640,1600,5,5,85,1075,3,0,0,1,0,0,0,0,0,1,0,1,0,0,0,0,0,0,0
183,2001,50000,1400,5,5,85,1060,3,1,0,0,1,0,0,0,0,1,1,0,0,0,0,0,0,0,0
184,2001,49291,1600,3,5,69,1040,3,1,0,0,0,0,0,0,0,1,1,0,0,0,0,0,0,0,0
185,2001,48952,2000,5,5,210,1205,3,1,0,1,1,0,0,0,1,0,0,1,0,0,0,0,0,0,0
186,2001,48928,1900,3,5,185,1105,3,1,0,0,0,1,0,1,1,0,0,0,0,1,0,0,0,0,0
187,2001,48052,1900,3,5,185,1105,3,1,0,0,0,0,0,0,1,0,0,0,0,1,0,0,0,0,0
188,2001,48000,1600,5,5,85,1075,6,0,0,0,0,0,0,0,0,1,0,0,0,0,1,0,0,0,0
189,2001,47350,1600,5,5,85,1075,3,0,0,0,0,1,0,1,0,1,0,0,0,1,0,0,0,0,0
190,2001,46821,1400,5,5,85,1060,3,1,0,1,1,0,0,0,0,1,0,0,0,0,1,0,0,0,0
191,2001,46694,1600,3,5,69,1040,3,0,0,1,0,0,1,0,0,1,0,0,0,0,1,0,0,0,0
192,2001,46515,1400,5,5,69,1025,12,1,0,0,0,1,0,1,0,1,0,0,0,0,1,0,0,0,0
193,2001,46327,1600,3,5,85,1055,3,1,0,1,1,0,1,0,0,1,1,0,0,0,0,0,0,0,0
194,2001,45713,1400,5,5,19,1085,6,1,0,1,1,0,0,0,0,1,0,1,0,0,0,0,0,0,0
195,2001,45600,1600,5,5,85,1105,3,1,0,0,1,0,0,0,0,1,0,0,0,1,0,0,0,0,0
196,2001,45287,1600,5,5,85,1075,3,0,0,1,0,0,0,0,0,1,0,0,0,0,1,0,0,0,0
197,2001,45081,1600,5,5,85,1075,3,1,0,1,1,0,0,0,0,1,0,0,0,1,0,0,0,0,0
198,2001,44830,1600,5,5,85,1075,3,1,0,1,0,0,0,0,0,1,0,0,1,0,0,0,0,0,0
199,2001,44757,1400,3,5,69,1025,3,1,0,0,0,0,0,0,0,1,0,0,0,0,1,0,0,0,0
200,2001,44218,1400,5,5,85,1060,3,0,0,1,0,0,1,0,0,1,0,0,0,1,0,0,0,0,0
201,2001,43632,1600,5,5,85,1075,3,0,0,0,1,0,0,0,0,1,0,1,0,0,0,0,0,0,0
202,2001,43427,1600,3,5,69,1040,3,0,0,1,1,0,1,0,0,1,0,0,1,0,0,0,0,0,0
203,2001,43254,1600,5,5,85,1075,3,1,0,1,1,0,0,0,0,1,0,0,0,0,1,0,0,0,0
204,2001,42823,1600,5,5,85,1075,3,1,0,0,1,0,0,0,0,1,0,0,0,0,1,0,0,0,0
205,2001,42560,1600,5,5,85,1080,3,1,0,1,1,0,0,0,0,1,0,0,0,0,0,1,0,0,0
206,2001,41754,1600,3,5,69,1040,3,0,0,0,0,0,0,0,0,1,0,0,0,0,1,0,0,0,0
207,2001,41499,1600,5,5,197,1103,3,0,0,0,0,0,0,0,0,0,0,0,1,0,0,0,0,0,0
208,2001,41000,1600,5,5,85,1075,3,1,0,1,1,0,0,0,0,1,0,0,0,1,0,0,0,0,0
209,2001,40000,1600,3,5,85,1055,3,1,0,0,1,0,1,0,0,1,0,0,0,1,0,0,0,0,0
210,2001,39757,1600,5,5,85,1075,3,1,0,1,1,0,0,0,0,1,0,1,0,0,0,0,0,0,0
211,2001,39650,1600,3,5,85,1055,3,0,0,0,1,0,1,0,0,1,0,1,0,0,0,0,0,0,0
212,2001,39516,1400,5,5,85,1060,3,0,0,1,1,0,0,0,0,1,0,0,0,1,0,0,0,0,0
213,2001,39000,1400,3,5,69,1025,3,0,0,0,1,1,1,1,0,1,0,1,0,0,0,0,0,0,0
214,2001,38932,1600,3,5,69,1040,12,0,0,0,1,0,0,0,0,1,0,0,1,0,0,0,0,0,0
215,2001,38812,1400,3,5,69,1025,3,1,0,1,1,0,0,0,0,1,0,0,0,0,1,0,0,0,0
216,2001,38653,1600,5,5,85,1080,3,1,0,1,1,0,0,0,0,1,0,0,1,0,0,0,0,0,0
217,2001,38461,1600,5,5,85,1080,3,1,0,1,1,0,0,0,0,1,0,0,0,1,0,0,0,0,0
218,2001,37576,1400,3,5,69,1030,3,1,0,0,1,0,0,0,0,1,0,0,0,1,0,0,0,0,0
219,2001,37533,1600,5,5,85,1075,3,1,0,0,1,0,0,0,0,1,0,0,1,0,0,0,0,0,0
220,2001,37389,1600,5,5,85,1080,3,1,0,1,1,0,0,0,0,1,1,0,0,0,0,0,0,0,0
221,2001,37320,1400,3,5,69,1025,3,1,0,1,0,1,0,1,0,1,0,1,0,0,0,0,0,0,0
222,2001,37000,1400,3,5,69,1025,3,0,0,0,0,0,0,0,0,1,0,0,1,0,0,0,0,0,0
223,2001,37000,1600,4,5,19,1075,3,0,0,0,0,0,0,0,0,1,0,0,1,0,0,0,0,0,0
224,2001,36566,1600,5,5,85,1090,3,1,0,1,1,0,1,0,0,1,0,0,0,0,1,0,0,0,0
225,2001,36269,1600,5,5,85,1075,3,1,0,1,1,0,0,0,0,1,0,1,0,0,0,0,0,0,0
226,2001,36066,1600,3,5,69,1040,3,0,0,0,0,1,0,1,0,1,1,0,0,0,0,0,0,0,0
227,2001,34000,1600,5,5,85,1075,3,1,0,1,1,0,0,0,0,1,0,0,0,0,1,0,0,0,0
228,2001,33591,1600,5,5,85,1075,3,1,0,0,1,0,0,0,0,1,0,0,0,0,1,0,0,0,0
229,2001,33258,1600,5,5,85,1075,3,1,0,1,1,1,0,1,0,1,0,0,0,1,0,0,0,0,0
230,2001,33000,1600,5,6,19,1075,3,1,0,0,1,1,0,1,0,1,0,0,0,0,0,1,0,0,0
231,2001,32941,1600,5,5,85,1080,3,1,0,1,1,0,0,0,0,1,0,0,0,0,0,0,0,0,1
232,2001,32781,1600,5,5,85,1075,3,1,0,1,0,0,0,0,0,1,0,1,0,0,0,0,0,0,0
233,2001,32532,1600,3,5,69,1040,3,0,0,1,0,0,0,0,0,1,1,0,0,0,0,0,0,0,0
234,2001,32431,1400,5,5,85,1060,3,1,0,1,1,0,0,0,0,1,0,0,0,0,0,1,0,0,0
235,2001,32000,1600,3,5,69,1040,3,0,0,0,0,0,0,0,0,1,1,0,0,0,0,0,0,0,0
236,2001,30989,1600,3,5,69,1045,3,1,0,1,1,0,0,0,0,1,0,0,1,0,0,0,0,0,0
237,2001,29716,1600,5,5,85,1075,3,0,0,1,0,0,0,0,0,1,0,0,0,1,0,0,0,0,0
238,2001,29716,1600,3,5,85,1070,3,1,0,0,0,1,0,1,0,1,0,0,0,0,0,1,0,0,0
239,2001,29640,1600,3,5,85,1055,3,1,0,1,1,0,1,0,0,1,0,0,0,0,1,0,0,0,0
240,2001,29056,1400,5,5,85,1060,3,1,0,1,1,0,0,0,0,1,0,0,0,1,0,0,0,0,0
241,2001,28715,1600,5,5,85,1075,3,1,0,0,1,0,0,0,0,1,0,0,0,1,0,0,0,0,0
242,2001,28571,1600,5,5,85,1090,3,1,0,1,1,0,1,0,0,1,0,0,0,0,1,0,0,0,0
243,2001,28362,1600,3,5,69,1040,3,1,0,1,1,0,1,0,0,1,0,1,0,0,0,0,0,0,0
244,2001,28150,1600,5,5,85,1075,3,1,0,0,1,0,0,0,0,1,0,0,0,0,1,0,0,0,0
245,2001,27301,1600,3,5,69,1040,3,0,0,1,0,0,0,0,0,1,0,0,0,1,0,0,0,0,0
246,2001,27240,1600,5,5,85,1075,12,1,0,0,1,1,0,1,0,1,0,1,0,0,0,0,0,0,0
247,2001,27170,1400,5,5,85,1060,3,0,0,0,0,0,1,0,0,1,0,0,0,0,0,0,0,0,1
248,2001,27141,1400,5,5,85,1060,3,0,0,0,0,0,0,0,0,1,0,0,1,0,0,0,0,0,0
249,2001,26262,1600,5,5,85,1075,3,1,0,1,1,0,0,0,0,1,0,0,0,1,0,0,0,0,0
250,2001,25228,1600,3,5,69,1045,3,1,0,0,1,1,0,1,0,1,0,1,0,0,0,0,0,0,0
251,2001,25062,1600,5,5,85,1080,3,1,0,0,1,0,0,0,0,1,0,0,1,0,0,0,0,0,0
252,2001,24723,1600,4,5,85,1060,3,0,0,1,0,0,0,0,0,1,0,0,1,0,0,0,0,0,0
253,2001,24650,1600,3,5,85,1055,3,1,0,1,1,0,1,0,0,1,1,0,0,0,0,0,0,0,0
254,2001,24475,1600,5,5,69,1030,12,1,0,0,1,0,0,0,0,1,0,0,0,0,1,0,0,0,0
255,2001,24011,1400,3,5,69,1025,3,0,0,0,0,0,0,0,0,1,0,0,0,1,0,0,0,0,0
256,2001,24000,1400,3,5,69,1025,3,0,0,1,0,0,0,0,0,1,0,0,0,1,0,0,0,0,0
257,2001,23616,1600,5,5,85,1075,3,1,0,0,1,0,0,0,0,1,0,0,1,0,0,0,0,0,0
258,2001,22865,1600,5,5,85,1075,3,1,0,1,1,0,0,0,0,1,0,0,0,0,0,1,0,0,0
259,2001,21904,1400,3,5,69,1025,3,0,0,0,0,0,0,0,0,1,0,1,0,0,0,0,0,0,0
260,2001,21651,1400,3,5,69,1025,3,0,0,0,0,0,0,0,0,1,0,0,1,0,0,0,0,0,0
261,2001,21500,1600,5,5,69,1030,12,0,0,0,1,0,0,0,0,1,0,0,0,0,1,0,0,0,0
262,2001,21027,1600,5,5,85,1080,3,1,0,1,1,0,0,0,0,1,0,0,1,0,0,0,0,0,0
263,2001,18500,1600,4,5,69,1030,3,1,0,0,0,0,0,0,0,1,0,0,0,0,1,0,0,0,0
264,2001,17051,1400,5,5,85,1060,3,0,0,0,0,0,0,0,0,1,0,0,0,1,0,0,0,0,0
265,2001,16325,1600,5,5,85,1080,3,1,0,1,1,0,0,0,0,1,0,0,0,0,0,1,0,0,0
266,2001,12000,1600,5,5,85,1075,12,0,0,0,0,0,0,0,0,1,0,0,1,0,0,0,0,0,0
267,2001,10000,1400,5,5,85,1060,6,0,0,0,0,1,0,1,0,1,0,1,0,0,0,0,0,0,0
268,2000,198167,1900,4,5,185,1095,3,1,0,0,1,1,0,1,1,0,0,0,0,0,1,0,0,0,0
269,2000,176000,1900,3,5,185,1105,3,1,0,0,0,0,0,0,1,0,0,1,0,0,0,0,0,0,0
270,2000,174139,2000,4,5,185,1100,3,0,0,0,0,1,0,1,1,0,0,1,0,0,0,0,0,0,0
271,2000,174000,1900,5,5,185,1095,6,1,0,0,1,0,0,0,1,0,0,0,0,0,0,1,0,0,0
272,2000,150000,1600,3,5,72,1075,6,1,0,0,0,0,1,0,0,0,0,1,0,0,0,0,0,0,0
273,2000,149329,2000,5,5,185,1135,3,0,0,0,0,0,0,0,1,0,0,0,0,0,1,0,0,0,0
274,2000,146736,1600,5,5,85,1080,3,1,0,1,1,0,0,0,0,1,0,0,0,0,0,1,0,0,0
275,2000,143513,1900,5,5,185,1140,3,0,0,0,0,0,0,0,1,0,0,0,0,1,0,0,0,0,0
276,2000,142130,1600,5,5,197,1119,3,1,0,1,0,0,0,0,0,0,0,0,0,0,1,0,0,0,0
277,2000,140700,1900,5,5,64,1110,3,1,0,1,1,0,0,0,1,0,0,0,0,1,0,0,0,0,0
278,2000,138394,1900,4,5,185,1095,3,1,0,1,0,0,1,0,1,0,0,0,0,0,0,1,0,0,0
279,2000,137000,2000,5,5,185,1135,3,1,0,0,1,0,0,0,1,0,0,1,0,0,0,0,0,0,0
280,2000,129155,1800,5,5,64,1110,3,0,0,0,1,0,0,0,1,0,0,0,0,0,0,0,0,1,0
281,2000,126110,1600,3,5,85,1055,3,0,0,0,1,0,1,0,0,1,1,0,0,0,0,0,0,0,0
282,2000,119742,1600,5,5,85,1080,3,1,0,1,1,1,1,1,0,1,0,1,0,0,0,0,0,0,0
283,2000,117913,1900,5,5,64,1110,3,1,0,1,1,0,1,0,1,0,0,1,0,0,0,0,0,0,0
284,2000,117175,1600,4,5,69,1035,3,1,0,0,1,0,0,0,0,1,0,0,1,0,0,0,0,0,0
285,2000,115046,1900,5,5,185,1140,3,1,0,1,1,0,0,0,1,0,0,1,0,0,0,0,0,0,0
286,2000,104805,1400,3,5,69,1025,3,1,0,1,0,0,0,0,0,1,1,0,0,0,0,0,0,0,0
287,2000,103018,1900,5,5,185,1140,3,0,0,0,0,0,0,0,1,0,0,0,0,0,0,0,0,1,0
288,2000,102352,1600,5,5,85,1080,3,1,0,0,1,0,0,0,0,1,0,0,0,0,1,0,0,0,0
289,2000,99865,1600,4,5,69,1035,3,0,0,0,0,0,0,0,0,1,0,0,0,0,1,0,0,0,0
290,2000,99323,1600,3,5,85,1055,3,1,0,1,1,0,1,0,0,1,1,0,0,0,0,0,0,0,0
291,2000,98040,1600,5,5,85,1080,3,0,0,0,0,0,0,0,0,1,0,0,0,1,0,0,0,0,0
292,2000,97600,1600,3,5,69,1045,6,1,0,0,1,1,0,1,0,1,0,0,0,0,0,1,0,0,0
293,2000,97234,1600,5,5,85,1080,3,1,0,0,1,0,0,0,0,1,0,1,0,0,0,0,0,0,0
294,2000,96135,2000,3,5,185,1115,3,0,0,0,0,0,0,0,1,0,1,0,0,0,0,0,0,0,0
295,2000,96100,1600,5,5,85,1080,3,1,0,0,1,0,0,0,0,1,0,0,1,0,0,0,0,0,0
296,2000,94401,2000,3,5,185,1115,3,0,0,0,0,0,0,0,1,0,0,0,0,0,1,0,0,0,0
297,2000,91340,1600,3,5,85,1055,3,1,0,0,1,0,1,0,0,1,0,1,0,0,0,0,0,0,0
298,2000,86221,1600,3,5,69,1045,3,1,0,0,1,0,0,0,0,1,0,0,0,1,0,0,0,0,0
299,2000,84598,1600,5,5,19,1075,6,1,0,0,1,1,0,1,0,1,0,0,0,0,1,0,0,0,0
300,2000,83567,1600,5,5,85,1075,3,0,0,1,0,0,0,0,0,1,0,0,1,0,0,0,0,0,0
301,2000,82735,1400,3,5,69,1030,3,1,0,1,1,0,1,0,0,1,1,0,0,0,0,0,0,0,0
302,2000,81905,1600,5,5,19,1105,6,1,0,1,1,0,0,0,0,1,0,0,1,0,0,0,0,0,0
303,2000,78785,1600,5,5,197,1119,3,0,0,0,0,1,0,1,0,0,1,0,0,0,0,0,0,0,0
304,2000,77648,1600,4,5,69,1030,3,0,0,1,1,0,0,0,0,1,0,0,0,0,1,0,0,0,0
305,2000,77270,1600,4,5,69,1035,3,1,0,1,1,0,0,0,0,1,0,1,0,0,0,0,0,0,0
306,2000,76167,1400,5,5,85,1060,3,1,0,0,0,0,0,0,0,1,0,1,0,0,0,0,0,0,0
307,2000,75249,1600,4,5,69,1035,3,1,0,1,0,0,0,0,0,1,0,0,0,0,1,0,0,0,0
308,2000,75045,1600,3,6,85,1055,6,1,0,0,1,1,1,1,0,1,0,0,0,0,0,1,0,0,0
309,2000,74656,1900,3,5,185,1105,3,0,0,0,0,1,0,1,1,0,0,0,0,0,0,1,0,0,0
310,2000,74500,1400,3,5,69,1025,3,0,0,0,0,0,0,0,0,1,0,0,0,1,0,0,0,0,0
311,2000,74494,1600,5,5,85,1075,3,0,0,1,0,0,0,0,0,1,0,0,0,1,0,0,0,0,0
312,2000,73403,1600,5,5,85,1075,3,0,0,0,1,0,0,0,0,1,0,0,0,1,0,0,0,0,0
313,2000,73175,1400,3,5,69,1030,3,1,0,1,1,0,0,0,0,1,0,0,0,0,0,1,0,0,0
314,2000,73000,1600,3,5,85,1055,3,1,0,0,1,0,1,0,0,1,0,0,0,1,0,0,0,0,0
315,2000,72242,1600,3,5,85,1070,3,0,0,0,1,0,0,0,0,1,0,1,0,0,0,0,0,0,0
316,2000,72000,1400,3,5,69,1025,3,1,0,0,1,0,0,0,0,1,0,0,1,0,0,0,0,0,0
317,2000,69813,1400,3,5,69,1025,3,0,0,0,0,1,0,1,0,1,0,0,0,0,0,1,0,0,0
318,2000,69659,1300,3,6,69,1025,3,1,0,0,1,0,0,0,0,1,0,0,0,0,1,0,0,0,0
319,2000,69574,1400,5,5,85,1065,3,1,0,0,1,0,0,0,0,1,0,1,0,0,0,0,0,0,0
320,2000,69000,1900,5,5,185,1140,3,1,0,0,0,0,0,0,1,0,0,1,0,0,0,0,0,0,0
321,2000,68565,1600,4,5,69,1030,3,0,0,1,0,0,0,0,0,1,0,1,0,0,0,0,0,0,0
322,2000,68520,2000,3,5,185,1115,3,0,0,1,0,0,1,0,1,0,0,0,0,0,1,0,0,0,0
323,2000,66527,1600,5,5,85,1080,3,1,0,1,1,0,0,0,0,1,0,1,0,0,0,0,0,0,0
324,2000,65170,1400,3,5,69,1025,3,1,0,0,0,1,0,1,0,1,0,0,0,1,0,0,0,0,0
325,2000,65000,1600,5,5,19,1075,6,1,0,0,0,0,0,0,0,1,0,0,0,0,0,1,0,0,0
326,2000,64193,1600,3,5,69,1040,3,0,0,0,0,0,0,0,0,1,0,0,0,1,0,0,0,0,0
327,2000,64000,1400,3,5,69,1025,3,0,0,0,0,1,0,1,0,1,0,1,0,0,0,0,0,0,0
328,2000,63792,1600,5,5,85,1075,3,1,0,0,1,1,0,1,0,1,0,0,1,0,0,0,0,0,0
329,2000,63135,1600,3,5,69,1050,3,1,0,0,1,0,0,0,0,1,0,1,0,0,0,0,0,0,0
330,2000,63000,1900,5,5,185,1140,6,1,0,0,1,1,0,1,1,0,0,0,0,0,0,1,0,0,0
331,2000,63000,1600,4,5,69,1035,3,1,0,0,1,0,0,0,0,1,0,0,1,0,0,0,0,0,0
332,2000,62987,1600,5,5,85,1080,3,1,0,0,1,0,0,0,0,1,0,0,0,0,1,0,0,0,0
333,2000,62519,1400,3,5,69,1025,3,0,0,1,0,1,0,1,0,1,1,0,0,0,0,0,0,0,0
334,2000,62280,1400,5,5,85,1060,3,1,0,0,0,0,0,0,0,1,0,0,1,0,0,0,0,0,0
335,2000,61672,1600,5,5,85,1075,12,0,0,0,0,1,0,1,0,1,0,1,0,0,0,0,0,0,0
336,2000,61000,2000,5,5,185,1140,6,0,0,0,0,1,0,1,1,0,0,0,0,0,0,0,0,1,0
337,2000,61000,1600,3,5,69,1050,3,0,0,0,1,0,0,0,0,1,1,0,0,0,0,0,0,0,0
338,2000,60558,1600,4,5,19,1105,12,1,0,1,1,0,0,0,0,1,0,1,0,0,0,0,0,0,0
339,2000,60348,1600,4,5,69,1030,3,0,0,0,1,0,0,0,0,1,0,0,1,0,0,0,0,0,0
340,2000,60239,1600,5,5,85,1075,3,0,0,0,0,1,0,1,0,1,0,0,1,0,0,0,0,0,0
341,2000,59000,1400,3,5,69,1025,6,1,0,0,1,1,0,1,0,1,0,0,0,0,0,1,0,0,0
342,2000,58761,1300,5,5,85,1060,12,0,0,0,1,1,0,1,0,1,0,0,0,0,0,1,0,0,0
343,2000,58745,1600,4,5,69,1035,3,1,0,1,1,0,0,0,0,1,0,1,0,0,0,0,0,0,0
344,2000,58596,1600,3,5,69,1045,3,1,0,0,1,0,0,0,0,1,0,1,0,0,0,0,0,0,0
345,2000,58530,1600,5,5,85,1075,3,1,0,0,1,0,1,0,0,1,0,0,0,0,1,0,0,0,0
346,2000,58142,1600,5,5,85,1080,3,1,0,0,1,0,0,0,0,1,0,0,1,0,0,0,0,0,0
347,2000,57645,1600,5,5,85,1080,3,1,0,0,1,0,0,0,0,1,0,0,0,0,1,0,0,0,0
348,2000,57500,1600,4,5,19,1105,3,1,1,0,1,0,0,0,0,1,0,0,0,0,1,0,0,0,0
349,2000,57475,1600,3,5,69,1040,3,1,0,0,0,0,0,0,0,1,0,0,0,0,0,0,0,1,0
350,2000,56743,1600,3,5,69,1045,3,1,0,0,1,0,0,0,0,1,1,0,0,0,0,0,0,0,0
351,2000,56675,1400,3,5,69,1025,3,0,0,1,1,0,0,0,0,1,0,0,0,0,1,0,0,0,0
352,2000,55877,1600,5,5,85,1075,3,0,0,0,0,0,0,0,0,1,0,0,0,0,1,0,0,0,0
353,2000,54900,1400,5,5,85,1060,3,0,0,0,0,0,0,0,0,1,0,0,0,0,1,0,0,0,0
354,2000,53700,1400,5,5,85,1060,3,0,0,1,1,0,0,0,0,1,0,0,0,1,0,0,0,0,0
355,2000,53561,1400,5,5,85,1060,3,0,0,1,1,0,0,0,0,1,0,0,0,1,0,0,0,0,0
356,2000,53408,1600,5,5,85,1080,12,1,0,0,1,0,0,0,0,1,0,0,1,0,0,0,0,0,0
357,2000,53268,1600,5,5,85,1080,3,1,0,1,0,0,0,0,0,1,0,0,0,0,1,0,0,0,0
358,2000,52448,1400,3,5,69,1025,3,0,0,1,0,0,0,0,0,1,0,0,0,1,0,0,0,0,0
359,2000,52141,1600,5,5,85,1070,3,1,0,0,0,0,0,0,0,1,0,0,1,0,0,0,0,0,0
360,2000,52000,1400,3,5,69,1025,3,0,0,0,0,0,0,0,0,1,0,0,0,1,0,0,0,0,0
361,2000,50967,1400,5,5,85,1060,3,0,0,0,0,0,0,0,0,1,0,0,0,1,0,0,0,0,0
362,2000,50400,1600,5,5,85,1080,3,1,0,0,1,0,0,0,0,1,0,0,0,1,0,0,0,0,0
363,2000,50000,1400,3,5,69,1025,3,0,0,0,0,0,0,0,0,1,0,0,0,0,0,1,0,0,0
364,2000,50000,1300,5,5,69,1045,12,1,0,0,1,1,0,1,0,1,0,0,0,0,0,0,1,0,0
365,2000,49969,1600,5,5,85,1075,3,1,0,0,1,1,0,1,0,1,0,0,0,0,1,0,0,0,0
366,2000,49568,1600,3,5,19,1105,3,1,1,0,0,1,0,1,0,1,0,0,0,1,0,0,0,0,0
367,2000,49473,1600,3,5,85,1055,3,1,0,0,1,1,1,1,0,1,0,0,0,0,1,0,0,0,0
368,2000,49432,1600,3,5,69,1050,3,1,0,0,1,1,0,1,0,1,0,1,0,0,0,0,0,0,0
369,2000,49417,1600,3,5,69,1045,3,1,0,0,1,0,0,0,0,1,0,0,0,0,1,0,0,0,0
370,2000,48370,1600,5,5,85,1080,3,1,0,1,1,0,0,0,0,1,0,0,1,0,0,0,0,0,0
371,2000,47852,1600,4,5,69,1030,3,0,0,0,0,1,0,1,0,1,0,0,0,0,1,0,0,0,0
372,2000,47689,1600,5,5,85,1075,3,0,0,0,0,1,0,1,0,1,0,0,0,0,1,0,0,0,0
373,2000,47451,1600,3,5,85,1055,3,1,0,1,1,0,1,0,0,1,1,0,0,0,0,0,0,0,0
374,2000,47219,1600,5,5,85,1080,3,1,0,1,1,0,0,0,0,1,0,0,0,1,0,0,0,0,0
375,2000,47211,1600,5,5,85,1070,3,0,0,0,0,0,0,0,0,1,0,0,1,0,0,0,0,0,0
376,2000,46856,1400,5,5,85,1060,3,0,0,1,0,0,0,0,0,1,0,0,0,0,1,0,0,0,0
377,2000,46500,1300,5,5,69,1035,12,0,0,0,0,0,0,0,0,1,1,0,0,0,0,0,0,0,0
378,2000,46449,1600,4,5,69,1035,3,1,0,1,1,0,0,0,0,1,0,0,0,0,1,0,0,0,0
379,2000,46230,1600,3,5,85,1055,3,1,0,1,1,0,1,0,0,1,1,0,0,0,0,0,0,0,0
380,2000,46029,1600,4,5,69,1030,3,1,0,0,0,1,0,1,0,1,0,0,0,1,0,0,0,0,0
381,2000,46000,1400,3,5,69,1025,3,0,0,1,0,1,0,1,0,1,0,0,0,0,1,0,0,0,0
382,2000,45850,1400,5,5,85,1060,3,0,0,0,0,0,0,0,0,1,0,0,0,1,0,0,0,0,0
383,2000,45336,1600,5,5,85,1080,3,1,0,1,1,0,1,0,0,1,0,0,1,0,0,0,0,0,0
384,2000,44537,1400,3,5,69,1025,3,0,0,0,0,1,0,1,0,1,0,0,0,0,1,0,0,0,0
385,2000,41700,1400,3,5,69,1025,3,0,0,0,1,0,0,0,0,1,0,0,0,1,0,0,0,0,0
386,2000,41636,1600,5,5,19,1105,12,1,0,0,1,1,0,1,0,1,0,0,0,0,0,1,0,0,0
387,2000,41273,1400,5,5,85,1060,3,0,0,0,1,1,0,1,0,1,0,0,0,1,0,0,0,0,0
388,2000,40836,1600,3,5,85,1075,3,1,0,0,1,0,0,0,0,1,0,0,0,1,0,0,0,0,0
389,2000,40400,1400,5,5,85,1060,3,0,0,0,1,0,0,0,0,1,0,0,0,0,1,0,0,0,0
390,2000,40000,1600,5,5,85,1080,3,1,0,0,1,0,0,0,0,1,1,0,0,0,0,0,0,0,0
391,2000,39706,1600,5,5,85,1080,3,1,0,1,1,0,0,0,0,1,0,0,0,1,0,0,0,0,0
392,2000,39291,1600,3,5,69,1040,3,1,0,1,1,0,0,0,0,1,0,0,1,0,0,0,0,0,0
393,2000,39000,1400,3,5,69,1025,3,0,0,1,0,0,0,0,0,1,0,0,0,1,0,0,0,0,0
394,2000,38403,1600,3,5,85,1055,3,0,0,0,1,0,1,0,0,1,0,1,0,0,0,0,0,0,0
395,2000,37000,1400,3,5,69,1025,3,0,0,1,0,0,0,0,0,1,0,0,0,1,0,0,0,0,0
396,2000,36406,1600,4,5,69,1035,3,1,0,0,1,0,0,0,0,1,0,0,0,1,0,0,0,0,0
397,2000,36005,1400,5,5,85,1065,3,1,0,0,1,0,0,0,0,1,1,0,0,0,0,0,0,0,0
398,2000,36000,1600,5,5,85,1080,3,1,0,0,1,0,0,0,0,1,0,0,0,1,0,0,0,0,0
399,2000,36000,1600,3,5,85,1070,3,0,0,0,0,0,0,0,0,1,0,0,1,0,0,0,0,0,0
400,2000,35823,1600,5,5,85,1075,3,0,0,0,0,0,0,0,0,1,0,0,0,1,0,0,0,0,0
401,2000,35230,1400,3,5,69,1025,3,0,0,0,0,0,0,0,0,1,0,0,0,1,0,0,0,0,0
402,2000,35142,1600,3,5,85,1055,3,1,0,0,1,0,0,0,0,1,0,0,0,0,1,0,0,0,0
403,2000,34890,1400,3,5,69,1025,3,0,0,1,0,0,0,0,0,1,0,1,0,0,0,0,0,0,0
404,2000,33998,1600,5,5,85,1080,12,1,0,1,1,1,0,0,0,1,0,0,1,0,0,0,0,0,0
405,2000,31999,1400,3,5,69,1030,3,1,0,0,1,0,0,0,0,1,1,0,0,0,0,0,0,0,0
406,2000,31579,1400,3,5,69,1025,3,1,0,1,1,0,0,0,0,1,0,0,0,0,1,0,0,0,0
407,2000,31000,1400,3,5,69,1025,6,0,0,0,0,0,0,0,0,1,0,0,0,0,1,0,0,0,0
408,2000,30806,1400,5,5,85,1060,3,0,0,0,0,1,0,1,0,1,0,0,0,0,1,0,0,0,0
409,2000,30461,1300,5,5,69,1050,3,0,0,0,0,0,0,0,0,1,0,1,0,0,0,0,0,0,0
410,2000,29686,1600,3,5,85,1075,3,1,0,1,1,0,1,0,0,1,0,0,1,0,0,0,0,0,0
411,2000,29650,1300,3,6,69,1025,3,1,0,0,1,0,0,0,0,1,0,0,0,0,1,0,0,0,0
412,2000,28656,1400,3,5,19,1085,3,1,1,0,0,0,0,0,0,1,0,0,0,0,1,0,0,0,0
413,2000,27500,1400,3,5,69,1025,3,0,0,0,0,0,0,0,0,1,0,0,0,1,0,0,0,0,0
414,2000,26938,1600,3,5,69,1040,12,0,0,1,1,0,0,0,0,1,0,1,0,0,0,0,0,0,0
415,2000,26221,1400,3,5,69,1025,3,0,0,0,0,0,0,0,0,1,0,1,0,0,0,0,0,0,0
416,2000,22648,1400,5,5,85,1060,3,0,0,0,1,1,0,1,0,1,0,0,0,1,0,0,0,0,0
417,2000,19313,1400,3,5,69,1025,3,0,0,0,0,0,0,0,0,1,0,0,0,1,0,0,0,0,0
418,2000,17619,1600,4,5,69,1030,3,0,0,0,0,0,0,0,0,1,0,0,1,0,0,0,0,0,0
419,2000,17069,1400,3,5,69,1025,3,0,0,1,0,0,0,0,0,1,0,0,1,0,0,0,0,0,0
420,2000,10210,1400,5,5,85,1065,3,1,0,0,1,0,0,0,0,1,0,0,0,1,0,0,0,0,0
421,2000,5309,1600,3,5,85,1070,3,1,0,0,0,0,0,0,0,1,0,0,1,0,0,0,0,0,0
422,2000,31000,1398,3,5,69,1025,3,0,0,0,0,0,1,0,0,1,0,0,0,1,0,0,0,0,0
423,1999,205000,2000,4,5,185,1100,3,0,0,0,0,0,0,0,1,0,0,0,0,0,0,1,0,0,0
424,1999,204250,2000,3,5,185,1115,3,0,0,0,1,0,0,0,1,0,1,0,0,0,0,0,0,0,0
425,1999,190900,2000,3,5,185,1115,3,1,0,0,0,0,0,0,1,0,0,0,0,1,0,0,0,0,0
426,1999,183500,2000,5,5,185,1140,3,1,0,0,1,1,1,1,1,0,0,0,0,0,0,1,0,0,0
427,1999,176184,2000,3,5,185,1115,3,1,0,0,0,0,0,0,1,0,0,0,0,1,0,0,0,0,0
428,1999,155500,1600,5,5,69,1050,6,0,0,0,1,0,1,0,0,1,0,0,0,0,0,0,1,0,0
429,1999,154462,2000,5,5,185,1135,3,1,0,0,0,1,0,1,1,0,0,0,1,0,0,0,0,0,0
430,1999,150585,1600,3,6,85,1065,3,1,0,0,1,0,1,0,0,1,0,1,0,0,0,0,0,0,0
431,1999,149000,2000,5,5,64,1135,3,0,0,0,1,0,0,0,1,0,0,1,0,0,0,0,0,0,0
432,1999,147636,2000,5,5,185,1135,3,1,0,0,0,0,0,0,1,0,0,0,0,0,0,0,0,1,0
433,1999,144521,2000,5,5,64,1135,3,0,0,0,0,0,0,0,1,0,0,0,0,1,0,0,0,0,0
434,1999,140000,1600,5,5,85,1085,3,1,0,0,1,0,0,0,0,1,1,0,0,0,0,0,0,0,0
435,1999,137050,1600,3,5,197,1078,3,0,0,1,1,0,0,0,0,0,0,0,0,0,1,0,0,0,0
436,1999,136956,1600,3,6,85,1065,3,1,0,0,1,0,1,0,0,1,0,0,0,0,1,0,0,0,0
437,1999,135337,1600,5,5,197,1120,3,1,0,1,1,0,1,0,0,0,0,0,0,0,1,0,0,0,0
438,1999,133769,2000,3,5,185,1120,3,1,0,0,1,0,0,0,1,0,0,0,1,0,0,0,0,0,0
439,1999,133405,2000,5,5,185,1135,3,0,0,0,1,0,0,0,1,0,0,1,0,0,0,0,0,0,0
440,1999,132807,2000,5,5,185,1135,3,1,0,0,0,0,0,0,1,0,0,0,1,0,0,0,0,0,0
441,1999,132393,2000,5,5,185,1135,3,0,0,0,0,0,0,0,1,0,0,0,0,0,1,0,0,0,0
442,1999,127000,2000,5,5,185,1135,3,0,0,0,0,1,0,1,1,0,0,0,0,0,1,0,0,0,0
443,1999,126800,2000,5,5,185,1135,3,1,0,0,0,0,0,0,1,0,1,0,0,0,0,0,0,0,0
444,1999,126452,1600,5,5,85,1085,3,0,0,0,0,0,0,0,0,1,0,0,1,0,0,0,0,0,0
445,1999,125175,2000,5,5,185,1150,3,0,0,0,1,0,0,0,1,0,0,0,0,0,1,0,0,0,0
446,1999,125000,2000,3,5,185,1115,3,0,0,1,0,0,0,0,1,0,0,0,1,0,0,0,0,0,0
447,1999,123000,2000,5,5,185,1135,3,0,0,0,0,0,0,0,1,0,0,1,0,0,0,0,0,0,0
448,1999,121626,1300,5,5,69,1050,3,0,0,0,0,0,0,0,0,1,0,0,0,0,1,0,0,0,0
449,1999,120400,1600,5,5,85,1090,3,1,0,0,1,0,0,0,0,1,1,0,0,0,0,0,0,0,0
450,1999,119541,1600,3,5,85,1055,3,1,0,0,1,0,0,0,0,1,0,0,0,0,1,0,0,0,0
451,1999,119289,1600,4,5,69,1035,3,0,0,0,1,1,0,1,0,1,0,0,0,0,0,1,0,0,0
452,1999,118000,2000,5,5,185,1150,3,1,0,0,0,0,0,0,1,0,0,0,0,1,0,0,0,0,0
453,1999,117609,1300,3,5,69,1015,3,0,0,0,0,0,0,0,0,1,0,0,0,0,0,1,0,0,0
454,1999,117000,2000,3,5,185,1115,3,0,0,0,0,0,0,0,1,0,0,0,0,0,0,1,0,0,0
455,1999,116000,1300,5,5,69,1045,3,0,0,0,1,0,0,0,0,1,1,0,0,0,0,0,0,0,0
456,1999,115715,1600,5,5,85,1070,3,0,0,0,0,0,0,0,0,1,0,1,0,0,0,0,0,0,0
457,1999,115071,1600,3,5,85,1055,3,1,0,1,1,0,0,0,0,1,1,0,0,0,0,0,0,0,0
458,1999,114846,1600,5,5,85,1075,3,1,0,0,1,0,1,0,0,1,0,0,1,0,0,0,0,0,0
459,1999,114383,2000,3,5,64,1260,3,0,0,0,0,0,0,0,1,0,0,0,0,0,0,0,0,1,0
460,1999,113700,1600,5,5,19,1065,12,0,0,0,0,1,0,1,0,1,0,0,1,0,0,0,0,0,0
461,1999,113118,1300,3,5,69,1020,3,1,0,0,1,0,0,0,0,1,1,0,0,0,0,0,0,0,0
462,1999,112827,1300,5,5,69,1040,3,1,0,0,1,0,1,0,0,1,0,1,0,0,0,0,0,0,0
463,1999,112116,1600,5,5,85,1070,3,0,0,0,1,0,0,0,0,1,0,0,1,0,0,0,0,0,0
464,1999,112000,1600,3,6,85,1065,3,1,0,0,1,0,1,0,0,1,1,0,0,0,0,0,0,0,0
465,1999,112000,2000,4,5,64,1135,3,0,0,0,0,0,0,0,1,0,0,0,0,1,0,0,0,0,0
466,1999,111769,1600,3,6,85,1065,3,1,0,0,1,0,1,0,0,1,0,0,0,0,1,0,0,0,0
467,1999,110853,1600,5,5,85,1070,3,0,0,0,0,0,0,0,0,1,0,0,0,1,0,0,0,0,0
468,1999,110287,1600,3,5,69,1050,3,0,0,0,0,0,0,0,0,1,1,0,0,0,0,0,0,0,0
469,1999,109230,1600,3,5,69,1050,3,0,0,0,0,0,0,0,0,1,0,0,0,1,0,0,0,0,0
470,1999,106784,1600,3,5,19,1050,12,1,1,0,1,0,1,0,0,1,0,1,0,0,0,0,0,0,0
471,1999,105942,1300,5,5,69,1040,3,1,0,1,1,0,1,0,0,1,0,0,0,0,1,0,0,0,0
472,1999,105000,1300,3,5,19,1015,3,0,0,0,1,1,1,1,0,1,0,0,0,0,0,1,0,0,0
473,1999,104299,1600,5,5,85,1085,3,0,0,0,0,0,0,0,0,1,0,0,0,1,0,0,0,0,0
474,1999,104000,1300,3,5,19,1015,6,0,0,0,0,0,0,0,0,1,0,0,1,0,0,0,0,0,0
475,1999,102807,1300,5,5,85,1055,3,1,0,0,1,0,0,0,0,1,1,0,0,0,0,0,0,0,0
476,1999,102494,1600,5,5,85,1090,3,1,0,0,1,0,0,0,0,1,0,0,0,0,1,0,0,0,0
477,1999,102106,1600,3,5,69,1050,3,1,0,0,1,0,0,0,0,1,0,1,0,0,0,0,0,0,0
478,1999,101889,1600,5,5,85,1075,3,1,0,0,1,0,0,0,0,1,0,0,1,0,0,0,0,0,0
479,1999,101791,2000,3,5,185,1115,3,0,0,0,0,0,0,0,1,0,0,0,1,0,0,0,0,0,0
480,1999,101001,1600,5,5,85,1075,3,1,0,0,1,0,1,0,0,1,0,0,0,0,1,0,0,0,0
481,1999,100748,1600,5,5,85,1070,3,0,0,0,1,0,0,0,0,1,0,0,0,0,1,0,0,0,0
482,1999,100550,1600,5,5,85,1075,3,1,0,0,1,0,1,0,0,1,0,0,0,0,1,0,0,0,0
483,1999,99781,1600,5,5,85,1085,3,0,0,0,0,0,0,0,0,1,0,0,0,1,0,0,0,0,0
484,1999,98658,1300,3,5,69,1020,3,1,0,0,1,1,0,1,0,1,0,0,0,0,0,1,0,0,0
485,1999,98500,1600,5,5,85,1075,3,1,0,0,1,0,1,0,0,1,0,0,0,1,0,0,0,0,0
486,1999,97648,1600,3,6,85,1065,3,1,0,0,1,0,1,0,0,1,0,0,0,0,0,0,0,0,0
487,1999,97425,1600,5,5,85,1075,3,1,0,0,1,1,1,1,0,1,1,0,0,0,0,0,0,0,0
488,1999,97046,1300,4,5,69,1000,3,0,0,0,1,0,0,0,0,1,0,0,0,1,0,0,0,0,0
489,1999,96000,2000,4,5,185,1100,3,0,0,0,0,0,0,0,1,0,0,0,0,0,1,0,0,0,0
490,1999,95147,1600,3,5,85,1050,6,1,0,0,1,0,0,0,0,1,0,0,0,0,0,1,0,0,0
491,1999,95000,1600,3,5,69,1050,3,0,0,0,0,0,0,0,0,1,0,0,0,0,1,0,0,0,0
492,1999,94606,1600,3,5,85,1065,6,1,0,0,1,0,0,0,0,1,1,0,0,0,0,0,0,0,0
493,1999,94504,1300,4,5,69,1000,3,0,0,0,0,0,0,0,0,1,0,0,0,0,1,0,0,0,0
494,1999,93428,1600,5,5,85,1075,3,1,0,0,1,1,1,1,0,1,0,0,1,0,0,0,0,0,0
495,1999,93408,1300,3,5,69,1015,3,0,0,0,0,0,0,0,0,1,0,1,0,0,0,0,0,0,0
496,1999,93098,1600,5,5,85,1075,3,1,0,0,1,0,1,0,0,1,0,0,0,0,1,0,0,0,0
497,1999,92922,2000,4,5,185,1100,3,1,0,0,0,0,0,0,1,0,0,0,1,0,0,0,0,0,0
498,1999,92226,1600,3,6,85,1065,3,1,0,0,1,0,1,0,0,1,0,0,0,0,1,0,0,0,0
499,1999,91246,1300,3,5,69,1015,3,0,0,0,0,0,0,0,0,1,0,0,0,0,0,1,0,0,0
500,1999,90727,1600,3,5,69,1050,3,0,0,0,1,0,0,0,0,1,0,0,0,0,1,0,0,0,0
501,1999,90000,1600,3,5,69,1050,3,0,0,0,0,0,0,0,0,1,0,0,0,0,1,0,0,0,0
502,1999,89576,1600,4,5,69,1035,12,1,0,0,0,1,0,1,0,1,0,0,0,0,1,0,0,0,0
503,1999,89145,1300,3,5,69,1025,3,1,0,1,1,0,1,0,0,1,0,1,0,0,0,0,0,0,0
504,1999,88807,1600,3,5,69,1050,3,0,0,0,1,0,1,0,0,1,0,0,0,0,1,0,0,0,0
505,1999,88685,1600,5,5,85,1070,3,0,0,0,0,0,0,0,0,1,0,0,0,1,0,0,0,0,0
506,1999,88480,1600,3,5,69,1050,3,1,0,0,0,0,0,0,0,1,0,0,1,0,0,0,0,0,0
507,1999,88000,1300,3,5,69,1020,3,1,0,0,1,0,0,0,0,1,0,1,0,0,0,0,0,0,0
508,1999,87821,1300,3,5,69,1015,3,0,0,0,0,0,1,0,0,1,0,0,0,1,0,0,0,0,0
509,1999,86871,1300,5,5,69,1040,3,1,0,0,1,0,1,0,0,1,1,0,0,0,0,0,0,0,0
510,1999,86714,1600,4,5,69,1035,3,1,0,0,0,0,0,0,0,1,0,0,0,0,0,1,0,0,0
511,1999,85889,1600,3,6,85,1065,12,1,0,0,1,1,1,1,0,1,0,0,0,0,1,0,0,0,0
512,1999,85000,1300,3,5,69,1025,3,1,0,1,1,0,1,0,0,1,1,0,0,0,0,0,0,0,0
513,1999,84976,1600,4,5,69,1035,3,0,0,0,1,0,0,0,0,1,0,0,0,0,0,1,0,0,0
514,1999,84558,1600,5,5,19,1120,12,1,0,0,1,0,0,0,0,1,0,0,0,0,0,1,0,0,0
515,1999,84482,1600,5,5,85,1075,3,1,0,0,1,0,1,0,0,1,0,0,0,1,0,0,0,0,0
516,1999,83908,1600,5,5,85,1070,3,0,0,0,0,1,0,1,0,1,0,0,0,1,0,0,0,0,0
517,1999,83000,1600,5,5,85,1100,3,0,0,0,0,0,0,0,0,1,0,0,0,1,0,0,0,0,0
518,1999,82421,1600,3,6,85,1065,3,1,0,0,1,0,1,0,0,1,1,0,0,0,0,0,0,0,0
519,1999,82254,1600,5,5,69,1050,12,0,0,0,1,1,0,1,0,1,0,0,0,0,1,0,0,0,0
520,1999,82115,1600,3,5,85,1055,3,1,0,0,1,1,0,1,0,1,0,0,0,0,1,0,0,0,0
521,1999,82000,1300,3,5,69,1015,3,0,0,0,0,0,0,0,0,1,0,1,0,0,0,0,0,0,0
522,1999,81965,1300,5,5,69,1035,3,0,0,0,0,0,0,0,0,1,1,0,0,0,0,0,0,0,0
523,1999,81192,1600,3,6,85,1065,3,1,0,0,1,0,1,0,0,1,1,0,0,0,0,0,0,0,0
524,1999,81170,1600,4,5,69,1040,3,1,0,0,1,0,0,0,0,1,0,0,0,0,0,1,0,0,0
525,1999,81083,1300,3,5,69,1015,3,0,0,0,0,0,0,0,0,1,0,0,0,0,1,0,0,0,0
526,1999,80714,1600,5,5,85,1075,12,0,0,0,1,1,0,1,0,1,1,0,0,0,0,0,0,0,0
527,1999,80470,1600,5,5,85,1085,3,0,0,0,1,0,0,0,0,1,0,0,0,0,1,0,0,0,0
528,1999,80439,1600,4,5,69,1035,3,1,0,0,1,0,0,0,0,1,0,0,1,0,0,0,0,0,0
529,1999,80426,1600,3,5,85,1055,3,0,0,0,1,0,0,0,0,1,0,0,1,0,0,0,0,0,0
530,1999,80265,1300,3,5,69,1015,3,0,0,0,0,0,0,0,0,1,0,0,0,0,1,0,0,0,0
531,1999,80153,1600,5,5,85,1070,3,1,0,0,0,0,0,0,0,1,0,0,1,0,0,0,0,0,0
532,1999,80121,1600,5,5,85,1070,3,1,0,0,1,0,0,0,0,1,0,0,0,0,1,0,0,0,0
533,1999,80000,1600,5,5,85,1075,3,1,0,0,1,0,1,0,0,1,0,0,0,1,0,0,0,0,0
534,1999,80000,1300,5,5,19,1015,3,0,0,0,0,0,0,0,0,1,0,0,1,0,0,0,0,0,0
535,1999,79858,1600,4,5,69,1040,3,1,0,0,1,0,0,0,0,1,0,0,1,0,0,0,0,0,0
536,1999,79762,1300,3,5,69,1015,3,0,0,0,1,0,0,0,0,1,0,0,0,1,0,0,0,0,0
537,1999,79660,1300,5,5,85,1065,3,0,0,0,0,0,0,0,0,1,0,0,1,0,0,0,0,0,0
538,1999,79150,1600,5,5,85,1075,3,1,0,0,1,0,1,0,0,1,0,0,1,0,0,0,0,0,0
539,1999,79000,1600,3,5,69,1050,3,1,0,0,1,0,0,0,0,1,0,0,1,0,0,0,0,0,0
540,1999,78955,1300,5,5,69,1045,3,1,0,0,1,0,1,0,0,1,0,0,0,0,0,1,0,0,0
541,1999,78521,1300,3,5,69,1015,3,0,0,0,0,0,0,0,0,1,0,0,1,0,0,0,0,0,0
542,1999,78356,1300,3,5,69,1015,3,0,0,0,0,0,0,0,0,1,0,0,0,0,0,1,0,0,0
543,1999,78076,1300,3,5,69,1015,3,0,0,0,0,0,0,0,0,1,0,0,0,1,0,0,0,0,0
544,1999,77821,1600,5,5,85,1075,3,1,0,0,1,0,1,0,0,1,0,0,1,0,0,0,0,0,0
545,1999,77500,1600,3,5,69,1050,3,0,0,0,0,0,0,0,0,1,0,1,0,0,0,0,0,0,0
546,1999,77457,1600,3,5,85,1055,3,1,0,1,1,0,0,0,0,1,1,0,0,0,0,0,0,0,0
547,1999,77029,1300,3,5,69,1015,3,0,0,0,0,0,0,0,0,1,1,0,0,0,0,0,0,0,0
548,1999,76791,1600,5,5,85,1070,3,0,0,0,1,0,0,0,0,1,0,0,0,1,0,0,0,0,0
549,1999,76700,1300,5,5,69,1035,3,0,0,0,0,0,0,0,0,1,0,0,0,0,1,0,0,0,0
550,1999,76162,1600,5,5,85,1075,3,1,0,0,1,0,1,0,0,1,0,0,1,0,0,0,0,0,0
551,1999,75429,1600,3,6,85,1065,3,1,0,0,1,0,1,0,0,1,1,0,0,0,0,0,0,0,0
552,1999,75000,1300,3,5,19,1015,3,0,0,0,1,0,1,0,0,1,1,0,0,0,0,0,0,0,0
553,1999,75000,1600,5,5,85,1070,3,0,0,0,0,0,0,0,0,1,0,1,0,0,0,0,0,0,0
554,1999,74889,1300,3,5,69,1015,3,0,0,0,0,0,1,0,0,1,1,0,0,0,0,0,0,0,0
555,1999,74875,1600,5,5,85,1070,3,1,0,0,0,0,0,0,0,1,0,0,0,0,1,0,0,0,0
556,1999,74747,1600,5,5,85,1075,3,1,0,0,1,0,0,0,0,1,0,0,1,0,0,0,0,0,0
557,1999,74457,1600,5,5,85,1075,3,1,0,0,1,0,1,0,0,1,0,0,1,0,0,0,0,0,0
558,1999,74337,1300,5,5,69,1035,3,0,0,0,0,0,0,0,0,1,0,1,0,0,0,0,0,0,0
559,1999,74193,1600,3,5,69,1050,12,0,0,0,0,0,0,0,0,1,0,0,0,0,0,1,0,0,0
560,1999,74179,1600,3,5,69,1050,3,0,0,0,0,0,0,0,0,1,0,0,0,0,1,0,0,0,0
561,1999,73936,1300,5,5,69,1050,3,0,0,0,1,0,0,0,0,1,0,0,1,0,0,0,0,0,0
562,1999,73500,1600,3,5,69,1050,3,0,0,0,0,1,0,1,0,1,0,1,0,0,0,0,0,0,0
563,1999,73300,1300,3,5,69,1015,3,0,0,0,0,1,1,1,0,1,0,1,0,0,0,0,0,0,0
564,1999,73172,1600,5,5,85,1075,3,1,0,0,1,1,1,1,0,1,0,0,1,0,0,0,0,0,0
565,1999,72928,1600,5,5,85,1075,3,1,0,0,1,0,1,0,0,1,0,0,1,0,0,0,0,0,0
566,1999,72522,1600,3,5,69,1050,3,0,0,0,1,0,0,0,0,1,0,0,1,0,0,0,0,0,0
567,1999,72000,1300,3,5,69,1015,3,0,0,0,0,0,0,0,0,1,0,0,1,0,0,0,0,0,0
568,1999,72000,1300,3,5,69,1015,3,0,0,0,1,0,0,0,0,1,0,0,0,0,1,0,0,0,0
569,1999,71317,1600,3,5,69,1050,3,0,0,0,0,0,0,0,0,1,0,1,0,0,0,0,0,0,0
570,1999,71000,1600,5,5,85,1070,12,0,0,0,1,0,0,0,0,1,1,0,0,0,0,0,0,0,0
571,1999,70560,1600,3,5,69,1050,3,0,0,0,1,0,0,0,0,1,0,1,0,0,0,0,0,0,0
572,1999,70500,1600,5,5,69,1035,12,0,0,0,1,0,0,0,0,1,0,1,0,0,0,0,0,0,0
573,1999,70453,2000,5,5,185,1135,3,0,0,0,0,0,0,0,1,0,0,0,0,0,1,0,0,0,0
574,1999,70218,1600,3,5,69,1050,3,0,0,0,1,0,0,0,0,1,0,0,1,0,0,0,0,0,0
575,1999,70116,1600,4,5,69,1035,3,0,0,0,0,0,0,0,0,1,0,0,0,0,1,0,0,0,0
576,1999,70068,1600,5,5,85,1075,3,1,0,0,1,0,1,0,0,1,0,0,1,0,0,0,0,0,0
577,1999,70000,1300,3,5,69,1015,3,0,0,0,1,0,0,0,0,1,0,1,0,0,0,0,0,0,0
578,1999,69103,1600,4,5,69,1035,3,0,0,0,0,0,0,0,0,1,0,0,0,0,1,0,0,0,0
579,1999,68865,1600,3,6,85,1065,3,1,0,0,1,0,1,0,0,1,1,0,0,0,0,0,0,0,0
580,1999,68723,1300,3,5,69,1025,3,1,0,0,1,0,1,0,0,1,0,0,0,0,1,0,0,0,0
581,1999,68238,1300,5,5,69,1050,3,0,0,0,0,0,0,0,0,1,0,0,0,0,1,0,0,0,0
582,1999,68153,1600,5,5,85,1085,3,0,0,1,0,1,0,1,0,1,1,0,0,0,0,0,0,0,0
583,1999,68000,1600,5,5,85,1075,6,1,0,0,1,0,0,0,0,1,0,0,0,0,1,0,0,0,0
584,1999,67762,1600,3,6,85,1065,3,0,0,0,1,1,1,1,0,1,1,0,0,0,0,0,0,0,0
585,1999,67146,1600,5,5,85,1075,3,1,0,0,1,0,1,0,0,1,0,0,0,0,0,1,0,0,0
586,1999,67110,1300,5,5,69,1035,3,0,0,0,0,0,0,0,0,1,0,0,0,1,0,0,0,0,0
587,1999,67010,1600,3,6,85,1065,3,1,0,0,1,1,1,1,0,1,0,1,0,0,0,0,0,0,0
588,1999,67003,1600,4,5,69,1035,3,1,0,0,0,0,0,0,0,1,0,0,0,0,1,0,0,0,0
589,1999,66550,1332,3,5,69,1010,3,0,0,0,0,0,0,0,0,1,0,0,0,0,1,0,0,0,0
590,1999,66082,1600,5,5,85,1070,3,0,0,0,0,0,0,0,0,1,0,0,1,0,0,0,0,0,0
591,1999,66000,1600,3,5,69,1050,3,1,0,0,0,0,1,0,0,1,0,0,0,0,1,0,0,0,0
592,1999,65896,1600,3,6,85,1065,3,1,0,0,1,0,1,0,0,1,0,0,0,0,1,0,0,0,0
593,1999,65785,1600,5,5,85,1075,3,1,0,0,1,0,0,0,0,1,0,0,0,1,0,0,0,0,0
594,1999,65513,1600,4,5,85,1070,3,1,0,0,1,0,0,0,0,1,0,0,0,1,0,0,0,0,0
595,1999,65463,1600,5,5,85,1070,3,1,0,0,1,0,0,0,0,1,0,0,1,0,0,0,0,0,0
596,1999,65400,1300,4,5,69,1000,3,0,0,0,1,0,0,0,0,1,0,1,0,0,0,0,0,0,0
597,1999,65259,1600,3,5,69,1050,3,0,0,1,0,0,0,0,0,1,0,0,0,0,0,1,0,0,0
598,1999,65000,1600,3,5,69,1050,3,0,0,0,0,0,0,0,0,1,0,1,0,0,0,0,0,0,0
599,1999,65000,1600,5,5,85,1070,3,1,0,0,1,0,0,0,0,1,0,0,0,0,1,0,0,0,0
600,1999,65000,1600,4,5,69,1035,3,0,0,0,0,0,0,0,0,1,0,0,0,0,1,0,0,0,0
601,1999,64966,1300,3,5,69,1020,3,1,0,0,0,0,0,0,0,1,0,0,0,1,0,0,0,0,0
602,1999,64950,1600,5,5,85,1075,3,1,0,0,1,0,0,0,0,1,0,0,1,0,0,0,0,0,0
603,1999,64772,1600,3,5,69,1050,3,0,0,0,0,0,0,0,0,1,0,0,0,1,0,0,0,0,0
604,1999,64690,1300,3,5,69,1020,3,1,0,1,1,0,0,0,0,1,0,0,0,0,1,0,0,0,0
605,1999,64630,1600,5,5,85,1070,6,1,0,0,0,1,0,1,0,1,0,0,0,0,0,1,0,0,0
606,1999,64613,1600,5,5,85,1085,3,1,0,0,0,0,1,0,0,1,0,0,0,0,1,0,0,0,0
607,1999,64383,1300,3,5,69,1015,3,0,0,0,0,0,0,0,0,1,0,0,0,0,1,0,0,0,0
608,1999,63881,1300,3,5,69,1015,3,0,0,0,0,0,0,0,0,1,0,0,0,1,0,0,0,0,0
609,1999,63870,2000,5,5,185,1135,3,0,0,0,0,0,0,0,1,0,0,0,0,1,0,0,0,0,0
610,1999,63328,1300,5,5,85,1065,3,0,0,0,0,1,0,1,0,1,0,0,0,0,1,0,0,0,0
611,1999,63000,1300,3,5,69,1050,3,1,0,0,1,0,0,0,0,1,0,0,1,0,0,0,0,0,0
612,1999,62396,1600,3,5,69,1050,3,0,0,0,0,0,1,0,0,1,0,0,0,0,0,0,0,1,0
613,1999,62377,1600,5,5,85,1075,3,1,0,0,1,0,1,0,0,1,0,0,0,1,0,0,0,0,0
614,1999,62225,1600,3,5,69,1050,12,0,0,0,0,0,0,0,0,1,0,0,1,0,0,0,0,0,0
615,1999,62222,1600,5,5,85,1075,3,1,0,0,1,0,0,0,0,1,0,0,1,0,0,0,0,0,0
616,1999,62024,1600,5,5,85,1075,3,1,0,0,1,0,1,0,0,1,1,0,0,0,0,0,0,0,0
617,1999,61930,1600,4,5,69,1035,3,0,0,0,1,1,0,1,0,1,0,0,0,0,1,0,0,0,0
618,1999,61682,1600,3,5,69,1050,3,1,0,0,1,0,1,0,0,1,0,1,0,0,0,0,0,0,0
619,1999,61568,1600,4,5,69,1035,3,0,0,0,0,0,0,0,0,1,0,0,0,0,0,1,0,0,0
620,1999,61384,1600,3,5,69,1050,12,0,0,0,0,0,1,0,0,1,1,0,0,0,0,0,0,0,0
621,1999,61343,1600,5,5,85,1075,3,1,0,0,1,0,1,0,0,1,0,0,0,1,0,0,0,0,0
622,1999,61166,1600,3,5,69,1050,3,1,0,0,1,0,1,0,0,1,0,0,0,0,1,0,0,0,0
623,1999,61149,1300,5,5,69,1040,3,1,0,0,1,0,1,0,0,1,1,0,0,0,0,0,0,0,0
624,1999,61144,1600,5,5,85,1090,3,1,0,0,1,0,1,0,0,1,0,0,0,0,0,1,0,0,0
625,1999,61127,1600,3,5,69,1050,3,0,0,0,1,1,0,1,0,1,0,0,0,1,0,0,0,0,0
626,1999,61100,1300,3,5,69,1015,3,0,0,0,0,1,0,1,0,1,0,1,0,0,0,0,0,0,0
627,1999,61100,1600,5,5,85,1075,3,1,0,0,1,1,0,1,0,1,0,0,1,0,0,0,0,0,0
628,1999,61000,1600,3,5,69,1050,3,0,0,0,0,0,0,0,0,1,0,0,1,0,0,0,0,0,0
629,1999,60708,1300,5,5,69,1045,3,1,0,0,1,0,0,0,0,1,0,0,0,1,0,0,0,0,0
630,1999,60000,1300,4,5,69,1030,3,0,0,0,0,0,0,0,0,1,0,0,0,1,0,0,0,0,0
631,1999,60000,1300,3,5,69,1015,3,0,0,0,0,0,0,0,0,1,0,1,0,0,0,0,0,0,0
632,1999,60000,1300,3,5,69,1015,3,0,0,0,0,0,0,0,0,1,0,0,0,0,0,1,0,0,0
633,1999,59295,1300,5,5,69,1035,3,0,0,0,0,0,0,0,0,1,0,0,0,0,1,0,0,0,0
634,1999,59264,1300,3,5,69,1015,3,0,0,0,0,1,0,1,0,1,0,0,0,0,0,1,0,0,0
635,1999,59000,1600,3,5,69,1050,3,0,0,0,0,1,0,1,0,1,0,1,0,0,0,0,0,0,0
636,1999,59000,1300,5,5,19,1035,12,1,0,0,1,1,0,1,0,1,0,0,0,0,0,1,0,0,0
637,1999,59000,1600,5,5,85,1070,3,1,0,0,0,0,0,0,0,1,0,0,0,0,1,0,0,0,0
638,1999,59000,1600,3,5,69,1050,3,0,0,0,0,0,0,0,0,1,0,0,0,1,0,0,0,0,0
639,1999,58860,1600,3,5,85,1055,3,1,0,0,1,0,0,0,0,1,0,0,0,1,0,0,0,0,0
640,1999,58829,1600,3,5,69,1050,3,0,0,0,0,0,0,0,0,1,0,1,0,0,0,0,0,0,0
641,1999,58654,1600,5,5,85,1070,3,0,0,0,0,0,0,0,0,1,0,0,0,1,0,0,0,0,0
642,1999,58300,1300,3,5,69,1015,3,0,0,0,0,1,0,1,0,1,0,0,1,0,0,0,0,0,0
643,1999,58113,1600,3,5,85,1085,3,1,0,0,1,0,0,0,0,1,1,0,0,0,0,0,0,0,0
644,1999,58058,1600,3,6,85,1065,3,1,0,0,1,0,1,0,0,1,1,0,0,0,0,0,0,0,0
645,1999,58000,1600,3,6,85,1065,3,1,0,0,1,1,1,1,0,1,0,0,1,0,0,0,0,0,0
646,1999,57565,1300,5,5,69,1035,3,0,0,0,0,0,0,0,0,1,0,0,1,0,0,0,0,0,0
647,1999,57413,1600,5,5,85,1115,3,0,0,0,0,0,0,0,0,1,0,0,0,0,1,0,0,0,0
648,1999,57374,1600,5,5,85,1075,3,1,0,0,1,0,1,0,0,1,0,1,0,0,0,0,0,0,0
649,1999,57179,1600,5,5,85,1075,3,1,0,0,1,0,1,0,0,1,0,1,0,0,0,0,0,0,0
650,1999,57169,1600,3,6,85,1065,3,1,0,0,1,0,1,0,0,1,0,0,0,1,0,0,0,0,0
651,1999,57124,1600,3,6,85,1065,3,1,0,0,1,0,1,0,0,1,0,1,0,0,0,0,0,0,0
652,1999,57000,1600,3,5,69,1050,3,1,0,0,0,0,0,0,0,1,0,0,0,1,0,0,0,0,0
653,1999,57000,1600,3,5,69,1050,3,0,0,0,0,0,0,0,0,1,0,0,0,1,0,0,0,0,0
654,1999,56209,1600,3,5,85,1080,3,0,0,0,1,0,1,0,0,1,0,0,0,1,0,0,0,0,0
655,1999,55942,1600,5,5,85,1070,3,1,0,0,1,1,0,1,0,1,0,0,1,0,0,0,0,0,0
656,1999,55747,1300,3,5,69,1020,3,1,0,0,1,0,1,0,0,1,0,1,0,0,0,0,0,0,0
657,1999,55085,1600,5,5,85,1105,3,1,0,0,1,0,1,0,0,1,0,1,0,0,0,0,0,0,0
658,1999,55000,1300,3,5,69,1015,6,0,0,0,0,0,0,0,0,1,0,0,0,0,0,1,0,0,0
659,1999,55000,1600,5,5,85,1075,3,1,0,0,1,0,1,0,0,1,1,0,0,0,0,0,0,0,0
660,1999,54875,1600,5,5,85,1070,3,0,0,0,0,0,0,0,0,1,0,0,0,0,0,1,0,0,0
661,1999,54847,1600,3,5,69,1050,3,1,0,0,1,0,0,0,0,1,0,0,0,0,1,0,0,0,0
662,1999,54125,1600,5,5,69,1035,6,0,0,0,1,1,0,1,0,1,0,0,0,0,0,1,0,0,0
663,1999,54000,1600,3,5,85,1055,3,1,0,0,1,0,0,0,0,1,0,0,0,0,1,0,0,0,0
664,1999,54000,1600,5,5,85,1075,6,1,0,0,1,0,0,0,0,1,1,0,0,0,0,0,0,0,0
665,1999,54000,1300,5,5,69,1035,3,0,0,0,0,0,0,0,0,1,0,1,0,0,0,0,0,0,0
666,1999,53285,1600,5,5,85,1075,3,1,0,0,1,0,0,0,0,1,0,0,1,0,0,0,0,0,0
667,1999,53053,1600,5,5,85,1075,3,1,0,1,1,0,1,0,0,1,1,0,0,0,0,0,0,0,0
668,1999,53000,1587,3,5,19,1075,6,1,0,0,1,0,0,0,0,1,0,0,1,0,0,0,0,0,0
669,1999,53000,1300,3,5,69,1015,3,0,0,0,0,0,0,0,0,1,0,0,0,0,1,0,0,0,0
670,1999,52968,1600,3,5,69,1050,3,0,0,0,0,0,0,0,0,1,0,0,0,0,1,0,0,0,0
671,1999,52800,1300,3,5,69,1015,3,0,0,0,1,0,0,0,0,1,1,0,0,0,0,0,0,0,0
672,1999,52487,1600,4,5,69,1035,3,0,0,0,0,1,0,1,0,1,0,0,0,0,0,0,0,0,0
673,1999,52383,1300,3,5,69,1015,3,0,0,0,0,0,0,0,0,1,0,1,0,0,0,0,0,0,0
674,1999,52112,1600,4,5,69,1035,6,1,0,0,1,0,0,0,0,1,0,0,0,1,0,0,0,0,0
675,1999,51712,1600,3,5,69,1050,3,1,0,1,1,0,1,0,0,1,0,0,0,0,1,0,0,0,0
676,1999,51235,1300,4,5,69,1000,3,0,0,0,0,1,0,1,0,1,0,0,0,0,1,0,0,0,0
677,1999,51000,1300,3,5,69,1015,3,0,0,0,0,0,0,0,0,1,0,0,0,1,0,0,0,0,0
678,1999,50806,1300,3,5,19,1480,3,0,0,0,0,0,0,0,0,1,0,0,1,0,0,0,0,0,0
679,1999,50173,1600,5,5,85,1075,3,1,0,0,1,0,1,0,0,1,0,0,0,1,0,0,0,0,0
680,1999,49942,1600,3,6,85,1065,3,1,0,0,1,0,1,0,0,1,0,0,0,0,1,0,0,0,0
681,1999,49258,1600,4,5,69,1035,3,1,0,0,0,0,0,0,0,1,0,0,0,1,0,0,0,0,0
682,1999,49000,1600,3,5,69,1050,3,1,0,0,0,0,0,0,0,1,0,0,0,0,1,0,0,0,0
683,1999,48738,1600,5,5,85,1055,12,1,0,0,1,0,0,0,0,1,0,1,0,0,0,0,0,0,0
684,1999,47612,1300,3,5,69,1015,3,0,0,0,0,0,0,0,0,1,0,1,0,0,0,0,0,0,0
685,1999,47500,1300,5,5,69,1035,3,0,0,0,1,0,0,0,0,1,0,0,1,0,0,0,0,0,0
686,1999,47237,1600,3,5,69,1050,12,0,0,0,1,0,1,0,0,1,0,0,0,0,0,1,0,0,0
687,1999,47171,1300,3,5,69,1015,3,0,0,0,1,1,0,1,0,1,0,1,0,0,0,0,0,0,0
688,1999,47014,1300,3,5,69,1015,3,0,0,0,0,0,0,0,0,1,0,0,0,1,0,0,0,0,0
689,1999,46929,1300,3,5,69,1025,3,1,0,0,1,1,0,1,0,1,0,0,0,1,0,0,0,0,0
690,1999,46000,1300,5,5,69,1035,3,0,0,0,0,0,0,0,0,1,0,0,1,0,0,0,0,0,0
691,1999,45681,1600,3,5,69,1050,3,0,0,0,0,0,0,0,0,1,0,0,0,0,1,0,0,0,0
692,1999,45549,1300,3,5,69,1015,12,0,0,0,0,0,0,0,0,1,0,1,0,0,0,0,0,0,0
693,1999,45000,1600,5,5,69,1050,6,1,0,0,1,0,1,0,0,1,1,0,0,0,0,0,0,0,0
694,1999,45000,1600,5,5,85,1075,3,1,0,0,1,0,1,0,0,1,0,0,1,0,0,0,0,0,0
695,1999,45000,1300,5,5,69,1035,3,0,0,0,0,0,0,0,0,1,0,0,0,1,0,0,0,0,0
696,1999,45000,1600,3,5,85,1085,3,1,0,0,1,0,0,0,0,1,0,0,0,0,1,0,0,0,0
697,1999,44944,1600,4,5,69,1035,3,1,0,0,1,0,0,0,0,1,0,0,1,0,0,0,0,0,0
698,1999,44597,1300,3,5,19,1015,3,0,0,0,0,1,0,1,0,1,0,0,0,0,0,0,0,1,0
699,1999,43000,1600,5,5,85,1075,6,1,0,0,0,1,1,1,0,1,0,0,1,0,0,0,0,0,0
700,1999,43000,1300,3,5,69,1015,3,0,0,0,0,0,0,0,0,1,0,1,0,0,0,0,0,0,0
701,1999,42750,1600,3,5,69,1050,3,0,0,0,0,0,0,0,0,1,0,1,0,0,0,0,0,0,0
702,1999,42102,1600,5,5,85,1075,3,1,0,0,1,0,1,0,0,1,0,0,0,0,0,1,0,0,0
703,1999,41200,1600,5,5,85,1070,6,0,0,0,1,0,0,0,0,1,0,0,0,0,1,0,0,0,0
704,1999,40000,1300,4,5,69,1000,3,0,0,0,0,0,0,0,0,1,0,1,0,0,0,0,0,0,0
705,1999,39222,1300,3,5,69,1045,3,0,0,0,0,0,0,0,0,1,0,0,0,0,1,0,0,0,0
706,1999,39144,1600,3,5,69,1050,3,0,0,0,1,0,0,0,0,1,0,0,1,0,0,0,0,0,0
707,1999,38019,1600,5,5,85,1070,3,1,0,0,0,0,0,0,0,1,0,1,0,0,0,0,0,0,0
708,1999,37759,1600,5,5,85,1070,3,0,0,0,0,0,0,0,0,1,0,1,0,0,0,0,0,0,0
709,1999,37111,1600,3,5,69,1050,3,0,0,0,1,0,0,0,0,1,0,0,0,0,1,0,0,0,0
710,1999,37000,1300,3,5,69,1015,3,0,0,0,0,0,0,0,0,1,0,0,0,0,1,0,0,0,0
711,1999,36954,1600,3,5,69,1050,3,0,0,0,1,1,0,1,0,1,0,0,1,0,0,0,0,0,0
712,1999,36943,1600,5,5,85,1070,3,0,0,0,0,0,0,0,0,1,0,0,0,0,1,0,0,0,0
713,1999,36923,1300,5,5,69,1050,3,0,0,0,0,0,0,0,0,1,0,0,0,0,1,0,0,0,0
714,1999,36658,1600,3,5,69,1050,3,1,0,0,1,0,0,0,0,1,1,0,0,0,0,0,0,0,0
715,1999,36000,1300,3,5,69,1015,3,0,0,0,0,0,0,0,0,1,0,0,1,0,0,0,0,0,0
716,1999,36000,1600,3,6,85,1065,3,1,0,0,1,0,1,0,0,1,0,0,0,1,0,0,0,0,0
717,1999,35000,1600,3,5,69,1050,3,0,0,1,1,0,0,0,0,1,0,0,0,1,0,0,0,0,0
718,1999,35000,1300,5,5,69,1045,3,1,0,0,1,0,0,0,0,1,0,1,0,0,0,0,0,0,0
719,1999,34114,1600,3,5,69,1050,3,0,0,0,0,0,0,0,0,1,0,1,0,0,0,0,0,0,0
720,1999,33847,1300,4,5,69,1000,3,0,0,0,0,0,0,0,0,1,0,0,0,1,0,0,0,0,0
721,1999,32150,1600,5,5,85,1085,3,1,0,1,0,0,1,0,0,1,0,1,0,0,0,0,0,0,0
722,1999,31588,1300,3,5,69,1015,3,0,0,0,0,0,0,0,0,1,0,0,1,0,0,0,0,0,0
723,1999,31480,1600,3,6,85,1065,3,1,0,0,1,0,1,0,0,1,0,0,0,0,1,0,0,0,0
724,1999,31000,1600,4,5,69,1035,3,1,0,0,1,1,0,1,0,1,0,0,0,1,0,0,0,0,0
725,1999,30634,1600,5,5,85,1075,3,1,0,0,1,0,1,0,0,1,0,0,0,1,0,0,0,0,0
726,1999,30300,1300,4,5,69,1000,12,0,0,0,1,0,0,0,0,1,0,0,0,0,1,0,0,0,0
727,1999,28500,1300,3,5,69,1045,3,0,0,0,1,1,0,1,0,1,0,0,0,1,0,0,0,0,0
728,1999,28500,1600,5,5,85,1075,3,1,0,0,1,0,1,0,0,1,0,0,0,0,1,0,0,0,0
729,1999,28000,1300,3,5,69,1015,3,0,0,0,1,0,0,0,0,1,1,0,0,0,0,0,0,0,0
730,1999,26698,1600,3,5,85,1055,3,1,0,0,1,0,0,0,0,1,0,0,0,0,1,0,0,0,0
731,1999,26000,1600,3,5,85,1085,3,1,0,0,1,0,0,0,0,1,1,0,0,0,0,0,0,0,0
732,1999,25505,1300,5,5,69,1035,3,0,0,0,1,0,0,0,0,1,0,0,1,0,0,0,0,0,0
733,1999,25000,1600,5,5,85,1075,6,0,0,0,1,0,0,0,0,1,0,0,1,0,0,0,0,0,0
734,1999,22835,1600,3,5,69,1050,3,0,0,0,1,0,0,0,0,1,0,0,1,0,0,0,0,0,0
735,1999,22705,1600,5,5,85,1075,3,1,0,0,1,0,1,0,0,1,0,0,0,1,0,0,0,0,0
736,1999,22178,1300,3,5,69,1015,3,0,0,0,1,0,0,0,0,1,0,0,0,0,1,0,0,0,0
737,1999,17345,1600,3,5,69,1050,3,0,0,0,1,0,0,0,0,1,0,0,0,0,1,0,0,0,0
738,1999,15110,1300,5,5,69,1035,3,0,0,0,0,0,0,0,0,1,0,0,1,0,0,0,0,0,0
739,1998,232940,2000,5,5,40,1172,3,1,0,0,0,0,0,0,1,0,0,0,0,1,0,0,0,0,0
740,1998,217764,2000,5,5,185,1135,3,1,0,0,1,0,0,0,1,0,0,0,1,0,0,0,0,0,0
741,1998,207114,1600,5,5,197,1114,3,1,0,0,0,0,0,0,0,0,1,0,0,0,0,0,0,0,0
742,1998,197501,2000,5,5,185,1135,3,1,0,0,1,0,1,0,1,0,0,0,0,0,0,0,0,1,0
743,1998,194765,2000,3,5,185,1120,3,1,0,0,1,1,0,1,1,0,0,1,0,0,0,0,0,0,0
744,1998,191620,2000,5,5,185,1150,3,1,0,0,0,0,0,0,1,0,1,0,0,0,0,0,0,0,0
745,1998,183277,2000,3,5,185,1115,3,0,0,0,0,0,0,0,1,0,1,0,0,0,0,0,0,0,0
746,1998,176177,1600,5,5,85,1075,3,1,0,0,1,0,1,0,0,1,0,0,0,0,0,1,0,0,0
747,1998,176000,1300,5,5,69,1035,3,0,0,0,1,0,0,0,0,1,0,0,0,1,0,0,0,0,0
748,1998,172980,2000,5,5,64,1135,3,0,0,0,0,0,0,0,1,0,1,0,0,0,0,0,0,0,0
749,1998,170000,2000,4,5,185,1100,3,0,0,0,0,0,0,0,1,0,0,0,0,0,1,0,0,0,0
750,1998,164000,1600,3,5,19,1050,3,0,0,0,1,0,0,0,0,1,0,1,0,0,0,0,0,0,0
751,1998,161775,1300,3,5,69,1015,3,0,0,0,1,0,0,0,0,1,1,0,0,0,0,0,0,0,0
752,1998,160000,1300,3,5,69,1015,3,0,0,0,0,0,0,0,0,1,0,1,0,0,0,0,0,0,0
753,1998,159968,2000,3,5,185,1115,3,0,0,0,0,0,0,0,1,0,0,0,0,0,1,0,0,0,0
754,1998,159908,1600,3,5,69,1050,3,1,0,0,0,0,1,0,0,1,0,0,0,0,1,0,0,0,0
755,1998,156204,2000,3,5,185,1115,3,0,0,1,0,0,0,0,1,0,0,0,0,0,1,0,0,0,0
756,1998,156169,1300,5,5,69,1035,3,0,0,0,1,0,1,0,0,1,0,0,0,0,0,1,0,0,0
757,1998,155210,1600,3,5,69,1050,6,0,0,0,1,0,1,0,0,1,0,1,0,0,0,0,0,0,0
758,1998,155000,2000,3,5,185,1115,3,0,0,0,0,0,0,0,1,0,0,0,1,0,0,0,0,0,0
759,1998,154900,2000,5,5,185,1140,3,1,0,0,1,0,1,0,1,0,0,0,0,1,0,0,0,0,0
760,1998,151300,2000,5,5,185,1150,3,0,0,0,0,0,0,0,1,0,1,0,0,0,0,0,0,0,0
761,1998,146304,2000,3,5,185,1115,3,0,0,0,0,0,0,0,1,0,0,0,0,1,0,0,0,0,0
762,1998,146197,1300,3,5,69,1015,3,0,0,0,0,0,0,0,0,1,0,1,0,0,0,0,0,0,0
763,1998,145996,1600,4,5,69,1035,3,1,0,0,1,0,0,0,0,1,0,0,0,1,0,0,0,0,0
764,1998,143560,1300,3,5,69,1045,3,0,0,0,0,0,0,0,0,1,0,0,1,0,0,0,0,0,0
765,1998,139145,2000,2,5,185,1115,6,0,0,0,0,0,0,0,1,0,1,0,0,0,0,0,0,0,0
766,1998,138500,1300,5,5,69,1050,3,0,0,0,0,0,0,0,0,1,0,0,0,1,0,0,0,0,0
767,1998,137741,2000,5,5,185,1135,6,0,0,0,0,1,0,1,1,0,0,1,0,0,0,0,0,0,0
768,1998,137178,2000,5,5,185,1135,6,0,0,0,1,0,0,0,1,0,0,0,0,0,0,1,0,0,0
769,1998,134889,2000,3,5,185,1115,3,0,0,0,1,0,0,0,1,0,0,0,0,0,1,0,0,0,0
770,1998,134660,2000,5,5,64,1135,3,0,0,0,0,0,0,0,1,0,0,0,0,0,0,0,0,1,0
771,1998,134539,1600,5,5,85,1070,3,1,0,0,1,0,0,0,0,1,0,1,0,0,0,0,0,0,0
772,1998,131307,1600,3,5,69,1050,3,0,0,0,0,0,0,0,0,1,0,0,0,0,1,0,0,0,0
773,1998,130000,1300,5,5,19,1015,3,0,0,0,0,0,0,0,0,1,0,1,0,0,0,0,0,0,0
774,1998,128960,1600,5,5,85,1070,3,1,0,0,1,1,0,1,0,1,0,0,0,0,1,0,0,0,0
775,1998,128351,1600,5,5,85,1070,3,1,0,0,1,0,0,0,0,1,0,0,0,1,0,0,0,0,0
776,1998,128006,1600,3,5,69,1050,3,0,0,0,1,0,1,0,0,1,0,1,0,0,0,0,0,0,0
777,1998,127159,2000,3,5,185,1115,3,0,0,0,0,0,0,0,1,0,0,0,0,0,1,0,0,0,0
778,1998,126478,1600,4,5,69,1035,3,1,0,0,0,0,1,0,0,1,0,0,1,0,0,0,0,0,0
779,1998,126000,1600,5,5,69,1050,6,0,0,0,0,0,0,0,0,1,0,1,0,0,0,0,0,0,0
780,1998,125778,1600,3,5,69,1050,3,0,0,0,0,0,0,0,0,1,0,0,0,1,0,0,0,0,0
781,1998,125400,1600,3,5,69,1050,6,0,0,0,1,0,0,0,0,1,0,0,0,0,0,0,0,1,0
782,1998,124743,1600,3,5,69,1050,3,0,0,0,1,0,1,0,0,1,0,1,0,0,0,0,0,0,0
783,1998,124591,1600,5,5,85,1075,3,1,0,0,1,0,0,0,0,1,0,1,0,0,0,0,0,0,0
784,1998,123403,1600,3,5,69,1050,3,1,0,0,1,1,0,1,0,1,0,0,1,0,0,0,0,0,0
785,1998,123104,1600,5,5,85,1070,3,0,0,0,0,0,0,0,0,1,0,1,0,0,0,0,0,0,0
786,1998,123077,1300,3,5,69,1015,3,0,0,0,0,0,0,0,0,1,0,0,0,0,1,0,0,0,0
787,1998,122820,1300,5,5,69,1040,3,1,0,0,1,0,1,0,0,1,0,0,0,0,1,0,0,0,0
788,1998,121900,1600,4,5,69,1035,3,1,0,0,1,0,0,0,0,1,0,0,0,0,1,0,0,0,0
789,1998,120474,2000,3,5,185,1115,3,0,0,0,0,0,0,0,1,0,1,0,0,0,0,0,0,0,0
790,1998,120263,2000,5,5,64,1135,6,0,0,0,0,0,0,0,1,0,1,0,0,0,0,0,0,0,0
791,1998,120196,1600,3,5,69,1050,3,1,0,0,1,0,1,0,0,1,1,0,0,0,0,0,0,0,0
792,1998,120000,1600,5,5,85,1085,3,0,0,0,0,0,1,0,0,1,0,0,0,0,0,0,0,1,0
793,1998,120000,1600,5,5,85,1075,3,0,0,0,1,0,0,0,0,1,0,0,1,0,0,0,0,0,0
794,1998,115345,1600,5,5,85,1070,3,0,0,0,1,0,0,0,0,1,0,0,0,0,1,0,0,0,0
795,1998,114258,1300,5,5,69,1050,3,0,0,0,0,0,0,0,0,1,0,1,0,0,0,0,0,0,0
796,1998,112963,2000,5,5,185,1135,3,0,0,0,0,0,0,0,1,0,0,0,0,0,1,0,0,0,0
797,1998,112307,1600,5,5,85,1070,3,0,0,0,1,0,0,0,0,1,0,0,0,1,0,0,0,0,0
798,1998,112000,1300,3,5,69,1015,3,0,0,0,1,0,0,0,0,1,0,1,0,0,0,0,0,0,0
799,1998,110901,1600,5,5,85,1085,3,1,0,0,1,0,0,0,0,1,0,0,0,1,0,0,0,0,0
800,1998,110887,1600,3,5,85,1055,3,0,0,0,1,0,0,0,0,1,0,0,1,0,0,0,0,0,0
801,1998,109540,1600,5,5,85,1085,3,1,0,0,1,0,0,0,0,1,0,0,0,1,0,0,0,0,0
802,1998,109263,1600,5,5,85,1070,3,0,0,0,0,0,0,0,0,1,0,0,0,1,0,0,0,0,0
803,1998,107516,1600,3,5,69,1050,3,0,0,0,0,0,0,0,0,1,1,0,0,0,0,0,0,0,0
804,1998,107108,1600,3,5,69,1050,3,0,0,0,1,0,0,0,0,1,0,0,0,1,0,0,0,0,0
805,1998,107000,1600,3,5,69,1050,3,1,0,0,1,0,1,0,0,1,0,0,0,1,0,0,0,0,0
806,1998,106250,1600,5,5,85,1070,3,0,0,0,0,0,0,0,0,1,0,0,1,0,0,0,0,0,0
807,1998,106150,1300,3,5,19,1015,3,0,0,0,0,0,0,0,0,1,1,0,0,0,0,0,0,0,0
808,1998,105856,1300,3,5,69,1015,3,0,0,0,0,1,0,1,0,1,0,0,0,0,0,0,0,1,0
809,1998,104000,1300,3,5,69,1010,3,0,0,0,0,0,0,0,0,1,0,0,0,1,0,0,0,0,0
810,1998,103121,1300,5,5,69,1035,3,0,0,0,1,0,0,0,0,1,0,0,0,1,0,0,0,0,0
811,1998,102300,1300,3,5,69,1015,3,0,0,0,0,0,0,0,0,1,0,1,0,0,0,0,0,0,0
812,1998,102000,1300,3,5,69,1015,3,0,0,0,0,0,0,0,0,1,0,1,0,0,0,0,0,0,0
813,1998,101773,1600,3,5,69,1050,3,1,0,0,0,0,0,0,0,1,0,0,0,1,0,0,0,0,0
814,1998,101159,1600,5,5,85,1085,3,0,0,0,1,0,0,0,0,1,0,0,0,0,1,0,0,0,0
815,1998,100732,1300,4,5,69,1030,3,0,0,0,0,0,0,0,0,1,0,1,0,0,0,0,0,0,0
816,1998,100719,1600,5,5,85,1070,3,1,0,0,1,0,0,0,0,1,0,0,0,0,1,0,0,0,0
817,1998,100487,1600,4,5,69,1035,3,1,0,0,1,0,0,0,0,1,0,0,0,0,1,0,0,0,0
818,1998,100192,1600,3,5,69,1050,3,1,0,1,1,0,1,0,0,1,1,0,0,0,0,0,0,0,0
819,1998,100123,1600,3,5,69,1050,3,0,0,0,0,1,0,1,0,1,1,0,0,0,0,0,0,0,0
820,1998,99971,1600,3,5,69,1050,3,1,0,0,1,0,0,0,0,1,0,0,0,1,0,0,0,0,0
821,1998,99397,1300,5,5,69,1035,3,0,0,0,0,0,0,0,0,1,0,1,0,0,0,0,0,0,0
822,1998,99374,1300,5,5,69,1035,3,0,0,0,0,0,0,0,0,1,0,1,0,0,0,0,0,0,0
823,1998,99245,1600,5,5,19,1114,3,0,0,0,1,0,0,0,0,1,0,0,0,0,1,0,0,0,0
824,1998,98742,1600,5,5,85,1085,3,0,0,0,0,0,0,0,0,1,0,0,0,0,0,1,0,0,0
825,1998,98154,1600,3,5,69,1050,6,1,0,0,1,0,1,0,0,1,1,0,0,0,0,0,0,0,0
826,1998,97548,1300,5,5,69,1035,3,0,0,0,0,0,1,0,0,1,0,0,0,0,0,0,0,1,0
827,1998,97494,1600,5,5,85,1085,3,0,0,1,1,0,0,0,0,1,0,0,0,0,0,1,0,0,0
828,1998,97085,1600,5,5,85,1085,3,0,0,0,1,1,0,1,0,1,0,0,0,1,0,0,0,0,0
829,1998,96000,1600,5,5,85,1085,3,0,0,0,0,0,0,0,0,1,1,0,0,0,0,0,0,0,0
830,1998,95909,1600,5,5,85,1070,3,0,0,0,0,0,0,0,0,1,1,0,0,0,0,0,0,0,0
831,1998,95700,1600,5,5,85,1085,3,0,0,0,0,0,0,0,0,1,0,0,0,0,1,0,0,0,0
832,1998,95000,1300,5,5,69,1035,3,0,0,0,0,0,0,0,0,1,0,0,0,1,0,0,0,0,0
833,1998,94079,1600,5,5,85,1085,3,1,0,0,1,1,0,1,0,1,0,0,0,1,0,0,0,0,0
834,1998,93841,1600,5,5,85,1070,6,0,0,0,0,0,0,0,0,1,0,0,0,0,0,1,0,0,0
835,1998,93090,1300,5,5,69,1035,3,0,0,0,1,0,0,0,0,1,0,0,0,0,0,1,0,0,0
836,1998,93066,1600,5,5,85,1075,3,0,0,0,1,0,1,0,0,1,0,0,0,1,0,0,0,0,0
837,1998,93039,1600,3,5,69,1050,3,0,0,0,1,0,1,0,0,1,0,1,0,0,0,0,0,0,0
838,1998,93000,1600,5,5,85,1075,3,1,0,0,1,0,0,0,0,1,0,0,1,0,0,0,0,0,0
839,1998,92830,1300,3,5,69,1015,3,0,0,0,0,0,0,0,0,1,0,0,0,0,0,1,0,0,0
840,1998,92255,1600,5,5,85,1105,3,0,0,0,1,0,0,0,0,1,0,0,0,1,0,0,0,0,0
841,1998,92096,1300,5,5,69,1035,3,1,0,0,0,0,0,0,0,1,0,0,0,0,1,0,0,0,0
842,1998,91399,1600,5,5,85,1070,3,0,0,1,0,0,0,0,0,1,0,1,0,0,0,0,0,0,0
843,1998,91082,1600,3,5,69,1050,3,0,0,0,0,0,0,0,0,1,0,0,0,0,0,1,0,0,0
844,1998,90370,1300,5,5,69,1035,3,0,0,0,0,0,1,0,0,1,0,1,0,0,0,0,0,0,0
845,1998,90345,1300,5,5,69,1035,6,0,0,0,1,0,0,0,0,1,0,0,0,0,0,1,0,0,0
846,1998,89983,1600,3,5,85,1055,3,1,0,0,1,0,1,0,0,1,0,0,0,0,1,0,0,0,0
847,1998,89800,2000,3,5,185,1115,3,0,0,0,0,1,0,1,1,0,0,0,0,1,0,0,0,0,0
848,1998,89739,1300,5,5,69,1035,3,0,0,0,0,0,0,0,0,1,0,1,0,0,0,0,0,0,0
849,1998,89520,1600,3,5,69,1050,3,0,0,0,0,0,0,0,0,1,0,1,0,0,0,0,0,0,0
850,1998,89507,1300,3,5,69,1015,3,0,0,0,0,0,0,0,0,1,0,0,1,0,0,0,0,0,0
851,1998,89096,1600,5,5,85,1085,3,0,0,0,1,1,0,1,0,1,0,0,0,0,1,0,0,0,0
852,1998,88700,1600,3,5,69,1050,3,0,0,0,0,0,0,0,0,1,0,1,0,0,0,0,0,0,0
853,1998,88186,2000,3,5,185,1115,3,0,0,0,0,0,0,0,1,0,0,1,0,0,0,0,0,0,0
854,1998,88000,1600,3,5,69,1050,3,0,0,0,1,1,0,1,0,1,0,0,0,0,0,1,0,0,0
855,1998,87743,1600,3,5,85,1055,3,0,0,0,1,0,0,0,0,1,1,0,0,0,0,0,0,0,0
856,1998,87613,1300,3,5,69,1015,3,0,0,0,0,0,0,0,0,1,0,0,0,1,0,0,0,0,0
857,1998,87358,1600,3,5,69,1050,3,0,0,0,1,0,1,0,0,1,1,0,0,0,0,0,0,0,0
858,1998,87083,1600,4,5,69,1035,3,1,0,0,1,0,0,0,0,1,0,0,0,0,1,0,0,0,0
859,1998,87000,1600,4,5,69,1035,3,1,0,0,0,0,0,0,0,1,0,1,0,0,0,0,0,0,0
860,1998,87000,1300,3,5,69,1015,12,0,0,0,0,1,0,1,0,1,0,0,0,0,1,0,0,0,0
861,1998,86860,1600,5,5,85,1075,3,1,0,0,1,0,1,0,0,1,0,0,1,0,0,0,0,0,0
862,1998,86109,1600,3,5,85,1055,3,1,0,0,1,1,0,1,0,1,0,0,0,1,0,0,0,0,0
863,1998,86000,1300,5,5,69,1040,3,0,0,1,1,0,0,0,0,1,0,0,1,0,0,0,0,0,0
864,1998,85565,1600,5,5,85,1070,3,1,0,0,1,0,1,0,0,1,0,1,0,0,0,0,0,0,0
865,1998,85470,1600,3,5,85,1080,3,1,0,0,0,0,0,0,0,1,0,0,0,0,1,0,0,0,0
866,1998,85200,1600,3,5,69,1050,3,0,0,0,0,0,0,0,0,1,0,0,0,0,0,1,0,0,0
867,1998,85000,1600,3,5,85,1055,3,1,0,0,1,0,0,0,0,1,0,1,0,0,0,0,0,0,0
868,1998,84472,1600,5,5,85,1070,3,0,0,0,0,1,0,1,0,1,1,0,0,0,0,0,0,0,0
869,1998,84402,1600,4,5,69,1035,3,1,0,0,1,0,0,0,0,1,0,0,0,0,1,0,0,0,0
870,1998,84123,1600,3,5,69,1050,3,0,0,0,0,0,0,0,0,1,1,0,0,0,0,0,0,0,0
871,1998,84000,1600,5,5,85,1075,3,1,0,0,1,0,1,0,0,1,0,1,0,0,0,0,0,0,0
872,1998,84000,1600,5,5,19,1065,3,1,0,0,0,1,0,1,0,1,0,0,0,0,1,0,0,0,0
873,1998,84000,1600,5,5,85,1085,3,0,0,0,0,0,0,0,0,1,0,0,0,1,0,0,0,0,0
874,1998,83405,1600,5,5,85,1070,3,0,0,0,0,0,0,0,0,1,0,0,0,1,0,0,0,0,0
875,1998,83133,1300,3,5,69,1015,3,0,0,0,0,0,0,0,0,1,1,0,0,0,0,0,0,0,0
876,1998,83047,1300,3,5,69,1045,3,0,0,0,0,0,0,0,0,1,1,0,0,0,0,0,0,0,0
877,1998,82700,1600,3,5,69,1050,3,0,0,0,1,1,0,1,0,1,0,1,0,0,0,0,0,0,0
878,1998,82675,1300,3,5,69,1015,3,0,0,0,0,0,0,0,0,1,0,0,0,0,0,0,0,1,0
879,1998,82595,1300,3,5,19,1015,3,0,0,0,0,0,0,0,0,1,0,1,0,0,0,0,0,0,0
880,1998,82256,1600,3,5,69,1050,3,0,0,0,1,0,0,0,0,1,0,1,0,0,0,0,0,0,0
881,1998,82103,1300,3,5,69,1015,3,0,0,0,0,0,0,0,0,1,0,0,0,1,0,0,0,0,0
882,1998,82021,1300,5,5,69,1035,3,0,0,0,0,0,0,0,0,1,0,0,0,1,0,0,0,0,0
883,1998,81988,1600,5,5,85,1070,3,0,0,0,1,1,0,1,0,1,0,0,0,1,0,0,0,0,0
884,1998,81663,1600,3,5,69,1050,3,0,0,0,1,0,0,0,0,1,0,1,0,0,0,0,0,0,0
885,1998,80486,1600,5,5,85,1070,3,0,0,0,0,1,0,1,0,1,0,1,0,0,0,0,0,0,0
886,1998,80000,1600,4,5,19,1065,3,1,0,0,0,0,0,0,0,1,0,1,0,0,0,0,0,0,0
887,1998,79000,1300,3,5,69,1015,3,0,0,0,0,0,0,0,0,1,0,0,0,1,0,0,0,0,0
888,1998,78894,1600,5,5,85,1070,3,0,0,0,0,0,0,0,0,1,1,0,0,0,0,0,0,0,0
889,1998,78435,1300,3,5,69,1015,3,0,0,0,0,0,0,0,0,1,0,0,0,0,1,0,0,0,0
890,1998,78260,1600,3,5,69,1050,12,0,0,0,0,0,0,0,0,1,0,1,0,0,0,0,0,0,0
891,1998,78120,1600,5,5,85,1075,3,0,0,0,1,0,0,0,0,1,0,1,0,0,0,0,0,0,0
892,1998,77000,1600,3,5,69,1050,3,0,0,0,1,0,0,0,0,1,0,0,0,0,1,0,0,0,0
893,1998,76382,1600,3,5,85,1055,3,0,0,1,1,0,0,0,0,1,0,0,1,0,0,0,0,0,0
894,1998,76000,1600,3,5,69,1050,3,0,0,0,1,0,1,0,0,1,0,0,0,0,1,0,0,0,0
895,1998,76000,1600,5,5,85,1070,3,1,0,0,1,0,0,0,0,1,0,1,0,0,0,0,0,0,0
896,1998,75840,1300,5,5,69,1035,3,0,0,0,0,0,0,0,0,1,0,1,0,0,0,0,0,0,0
897,1998,75799,1600,3,5,19,1050,3,0,0,0,0,0,0,0,0,1,1,0,0,0,0,0,0,0,0
898,1998,75525,1600,3,5,19,1114,6,0,0,0,1,1,1,1,0,1,0,1,0,0,0,0,0,0,0
899,1998,75323,1300,5,5,69,1050,12,0,0,0,0,0,0,0,0,1,0,0,0,0,1,0,0,0,0
900,1998,75322,1600,4,5,85,1115,6,0,0,0,0,0,0,0,0,1,0,0,1,0,0,0,0,0,0
901,1998,75226,1600,4,5,69,1035,6,0,0,0,0,0,0,0,0,1,0,0,0,0,1,0,0,0,0
902,1998,75085,1300,5,5,69,1035,3,0,0,0,0,0,0,0,0,1,0,1,0,0,0,0,0,0,0
903,1998,75000,1600,5,5,85,1075,3,1,0,0,1,0,0,0,0,1,0,0,0,1,0,0,0,0,0
904,1998,75000,1300,4,5,69,1000,12,0,0,0,0,0,0,0,0,1,0,1,0,0,0,0,0,0,0
905,1998,74926,1600,5,5,85,1075,6,0,0,0,1,0,0,0,0,1,0,0,0,0,0,1,0,0,0
906,1998,74573,1600,5,5,85,1085,3,0,0,0,0,0,0,0,0,1,0,1,0,0,0,0,0,0,0
907,1998,74567,1300,3,5,19,1015,3,0,0,0,0,0,0,0,0,1,0,0,0,0,1,0,0,0,0
908,1998,74196,1600,5,5,85,1075,3,1,0,1,1,0,1,0,0,1,0,1,0,0,0,0,0,0,0
909,1998,74096,1600,3,5,69,1050,3,0,0,1,1,0,0,0,0,1,1,0,0,0,0,0,0,0,0
910,1998,74093,1600,5,5,85,1075,3,1,0,0,1,0,1,0,0,1,0,0,0,0,0,1,0,0,0
911,1998,74000,1600,3,5,69,1050,3,1,0,0,0,0,0,0,0,1,0,1,0,0,0,0,0,0,0
912,1998,74000,1300,3,5,69,1015,3,0,0,0,0,0,0,0,0,1,1,0,0,0,0,0,0,0,0
913,1998,73200,1600,5,5,85,1070,3,0,0,0,1,0,0,0,0,1,1,0,0,0,0,0,0,0,0
914,1998,73014,1600,5,5,85,1075,3,1,0,0,1,0,0,0,0,1,0,1,0,0,0,0,0,0,0
915,1998,72328,1600,5,5,85,1075,3,0,0,0,1,0,0,0,0,1,0,0,0,0,0,1,0,0,0
916,1998,72222,1600,5,5,85,1070,3,1,0,0,1,0,0,0,0,1,0,0,0,0,1,0,0,0,0
917,1998,72128,1600,5,5,85,1100,3,0,0,0,1,0,0,0,0,1,0,0,0,1,0,0,0,0,0
918,1998,72090,1600,5,5,85,1070,3,0,0,0,0,1,0,1,0,1,0,0,0,0,1,0,0,0,0
919,1998,72000,1600,4,5,69,1035,3,1,0,0,1,0,0,0,0,1,0,0,1,0,0,0,0,0,0
920,1998,72000,1600,3,5,85,1055,3,0,0,0,1,0,0,0,0,1,0,0,0,1,0,0,0,0,0
921,1998,71900,1300,3,5,69,1015,3,0,0,0,0,0,0,0,0,1,0,0,1,0,0,0,0,0,0
922,1998,71740,1600,5,5,85,1070,6,0,0,0,0,1,0,1,0,1,0,0,0,0,0,1,0,0,0
923,1998,71263,1300,3,5,69,1015,6,0,0,1,0,0,0,0,0,1,0,0,0,0,1,0,0,0,0
924,1998,71054,1300,3,5,69,1045,6,0,0,0,0,0,0,0,0,1,0,0,0,0,1,0,0,0,0
925,1998,70939,1600,5,5,85,1100,3,0,0,0,1,0,0,0,0,1,0,0,0,0,1,0,0,0,0
926,1998,70932,1600,3,5,69,1050,3,0,0,0,1,0,0,0,0,1,1,0,0,0,0,0,0,0,0
927,1998,70597,1600,3,5,85,1080,3,0,0,1,1,0,0,0,0,1,0,0,0,1,0,0,0,0,0
928,1998,70482,1600,5,5,19,1075,3,0,0,0,0,0,0,0,0,1,0,0,0,0,1,0,0,0,0
929,1998,70124,1600,3,5,69,1050,3,0,0,0,1,1,0,1,0,1,0,1,0,0,0,0,0,0,0
930,1998,70039,1600,3,5,69,1050,3,0,0,0,0,0,0,0,0,1,0,0,0,1,0,0,0,0,0
931,1998,69904,1600,5,5,85,1070,3,1,0,0,1,0,0,0,0,1,0,1,0,0,0,0,0,0,0
932,1998,69388,1300,3,5,69,1010,6,0,0,0,0,0,0,0,0,1,0,1,0,0,0,0,0,0,0
933,1998,69320,1600,5,5,85,1070,3,1,0,0,1,0,0,0,0,1,0,0,0,0,1,0,0,0,0
934,1998,69000,1600,5,5,85,1075,3,0,0,1,1,0,0,0,0,1,0,0,0,1,0,0,0,0,0
935,1998,68988,1300,5,5,69,1035,3,0,0,0,0,0,1,0,0,1,0,0,0,1,0,0,0,0,0
936,1998,68285,1600,3,5,69,1050,3,0,0,0,0,0,0,0,0,1,0,1,0,0,0,0,0,0,0
937,1998,68000,1600,5,5,85,1075,3,1,0,0,1,1,0,1,0,1,1,0,0,0,0,0,0,0,0
938,1998,67451,1300,4,5,69,1000,3,0,0,1,0,0,0,0,0,1,0,0,0,0,1,0,0,0,0
939,1998,67266,1300,5,5,69,1035,3,0,0,0,1,1,0,1,0,1,0,1,0,0,0,0,0,0,0
940,1998,67255,1600,5,5,85,1085,3,0,0,0,0,0,0,0,0,1,0,0,0,0,1,0,0,0,0
941,1998,66880,1600,3,5,85,1055,3,0,0,0,1,0,1,0,0,1,1,0,0,0,0,0,0,0,0
942,1998,66718,1600,3,5,69,1050,3,1,0,0,1,0,0,0,0,1,0,1,0,0,0,0,0,0,0
943,1998,65950,1600,5,5,85,1070,3,0,0,0,0,0,0,0,0,1,1,0,0,0,0,0,0,0,0
944,1998,65500,1300,3,5,69,1015,3,0,0,0,0,0,0,0,0,1,1,0,0,0,0,0,0,0,0
945,1998,65307,1600,3,5,85,1055,3,0,0,0,1,0,1,0,0,1,0,1,0,0,0,0,0,0,0
946,1998,65254,1300,3,5,69,1015,3,0,0,1,0,0,0,0,0,1,1,0,0,0,0,0,0,0,0
947,1998,65021,2000,3,5,185,1115,3,0,0,0,0,0,0,0,1,0,1,0,0,0,0,0,0,0,0
948,1998,65006,1300,3,5,69,1015,3,0,0,0,0,1,0,1,0,1,0,0,1,0,0,0,0,0,0
949,1998,64280,1600,4,5,69,1035,3,0,0,0,0,0,1,0,0,1,0,0,0,0,1,0,0,0,0
950,1998,64000,1600,3,5,85,1085,3,0,0,0,1,0,0,0,0,1,0,0,1,0,0,0,0,0,0
951,1998,64000,1600,5,5,85,1070,3,0,0,0,0,0,0,0,0,1,0,0,1,0,0,0,0,0,0
952,1998,63918,1600,4,5,69,1035,6,0,0,0,1,0,0,0,0,1,0,0,0,0,0,1,0,0,0
953,1998,62581,1600,5,5,85,1075,3,0,0,0,1,0,0,0,0,1,0,0,1,0,0,0,0,0,0
954,1998,61906,1300,5,5,85,1065,3,0,0,0,1,0,0,0,0,1,0,0,0,0,0,1,0,0,0
955,1998,61648,1600,5,5,85,1070,3,0,0,0,1,0,0,0,0,1,0,1,0,0,0,0,0,0,0
956,1998,61626,1300,5,5,69,1035,6,0,0,0,0,0,0,0,0,1,0,0,0,0,1,0,0,0,0
957,1998,61165,1600,3,5,85,1080,3,1,0,0,0,0,0,0,0,1,0,0,0,0,1,0,0,0,0
958,1998,61000,1600,4,5,69,1035,3,0,0,0,1,0,0,0,0,1,0,0,0,0,1,0,0,0,0
959,1998,60833,1600,4,5,69,1035,3,0,0,0,0,0,0,0,0,1,0,1,0,0,0,0,0,0,0
960,1998,60600,1300,3,5,85,1060,3,0,0,0,0,1,0,1,0,1,0,0,0,0,0,0,0,1,0
961,1998,60142,1600,3,5,69,1050,12,0,0,0,1,0,0,0,0,1,0,0,0,0,0,1,0,0,0
962,1998,60000,1600,3,5,69,1050,3,0,0,1,1,0,0,0,0,1,0,0,1,0,0,0,0,0,0
963,1998,60000,1600,3,5,69,1050,3,0,0,0,0,0,0,0,0,1,0,0,1,0,0,0,0,0,0
964,1998,59815,1587,3,5,85,1055,6,1,0,0,1,0,0,0,0,1,0,0,0,0,0,1,0,0,0
965,1998,59240,1600,3,5,69,1050,3,1,0,0,1,1,0,1,0,1,0,1,0,0,0,0,0,0,0
966,1998,59164,1600,4,5,69,1035,3,0,0,0,0,0,0,0,0,1,0,1,0,0,0,0,0,0,0
967,1998,59017,1600,3,5,85,1080,3,1,0,0,1,0,0,0,0,1,0,0,1,0,0,0,0,0,0
968,1998,58952,1600,3,5,69,1050,3,1,0,0,1,1,0,1,0,1,0,0,0,1,0,0,0,0,0
969,1998,58267,1600,5,5,85,1070,6,0,0,0,1,1,1,1,0,1,0,0,1,0,0,0,0,0,0
970,1998,58000,1600,3,5,85,1055,6,0,0,0,1,1,1,1,0,1,0,0,0,0,1,0,0,0,0
971,1998,57829,1600,3,5,19,1050,3,1,1,0,1,0,0,0,0,1,0,0,0,1,0,0,0,0,0
972,1998,57787,1300,3,5,69,1015,3,0,0,0,0,0,0,0,0,1,0,1,0,0,0,0,0,0,0
973,1998,57628,1600,5,5,85,1075,3,0,0,0,1,0,0,0,0,1,0,0,0,0,0,0,0,1,0
974,1998,57263,1600,3,5,69,1050,3,0,0,0,0,0,1,0,0,1,0,0,1,0,0,0,0,0,0
975,1998,57144,1600,5,5,85,1070,3,0,0,0,0,0,1,0,0,1,0,0,1,0,0,0,0,0,0
976,1998,57000,1300,4,5,69,1000,3,0,0,0,0,0,0,0,0,1,0,1,0,0,0,0,0,0,0
977,1998,56566,1600,3,5,69,1050,3,1,0,0,1,0,1,0,0,1,1,0,0,0,0,0,0,0,0
978,1998,56307,1600,3,5,69,1050,3,1,0,0,1,0,0,0,0,1,0,0,0,1,0,0,0,0,0
979,1998,56214,1300,3,5,69,1015,6,0,0,0,1,0,0,0,0,1,0,0,1,0,0,0,0,0,0
980,1998,56132,1600,4,5,69,1035,3,0,0,0,0,0,0,0,0,1,0,0,0,0,0,0,0,1,0
981,1998,54439,1300,3,5,69,1015,3,0,0,0,1,1,0,1,0,1,0,0,0,0,1,0,0,0,0
982,1998,53809,1600,3,5,69,1050,3,0,0,0,0,0,0,0,0,1,0,0,0,1,0,0,0,0,0
983,1998,53133,1600,5,5,85,1070,3,1,0,0,0,0,0,0,0,1,0,0,1,0,0,0,0,0,0
984,1998,52900,1600,4,5,19,1075,3,0,0,0,0,0,0,0,0,1,0,0,1,0,0,0,0,0,0
985,1998,52700,1600,3,5,69,1050,3,0,0,0,0,0,0,0,0,1,0,0,0,0,1,0,0,0,0
986,1998,52320,1600,5,5,85,1070,3,0,0,0,1,0,0,0,0,1,0,0,0,0,1,0,0,0,0
987,1998,52000,1600,5,5,19,1075,6,1,0,0,1,1,0,1,0,1,0,0,0,0,1,0,0,0,0
988,1998,52000,1600,4,5,85,1065,3,0,0,0,1,0,0,0,0,1,0,0,1,0,0,0,0,0,0
989,1998,49640,1600,4,5,69,1035,3,0,0,1,0,0,0,0,0,1,0,0,0,0,1,0,0,0,0
990,1998,49580,1600,4,5,69,1035,3,0,0,0,1,0,0,0,0,1,0,0,0,0,1,0,0,0,0
991,1998,49170,1300,3,5,69,1045,3,0,0,0,0,0,0,0,0,1,0,0,0,0,1,0,0,0,0
992,1998,48838,1600,3,5,85,1055,3,0,0,0,1,0,0,0,0,1,0,0,0,1,0,0,0,0,0
993,1998,48576,1300,3,5,69,1015,3,0,0,0,0,0,0,0,0,1,0,0,1,0,0,0,0,0,0
994,1998,48400,1600,5,5,85,1075,3,0,0,0,1,0,1,0,0,1,0,0,0,1,0,0,0,0,0
995,1998,47633,1600,5,5,85,1075,3,1,0,0,0,0,0,0,0,1,0,0,1,0,0,0,0,0,0
996,1998,47400,1300,5,5,69,1040,3,0,0,0,1,1,0,1,0,1,0,0,0,1,0,0,0,0,0
997,1998,47360,1300,3,5,69,1010,3,0,0,0,0,0,0,0,0,1,0,0,0,1,0,0,0,0,0
998,1998,44850,1600,3,5,69,1050,3,1,0,1,0,0,0,0,0,1,0,1,0,0,0,0,0,0,0
999,1998,44444,1600,3,5,69,1050,3,1,0,1,1,0,1,0,0,1,0,1,0,0,0,0,0,0,0
1000,1998,43720,1600,5,5,85,1070,3,0,0,0,0,0,0,0,0,1,0,0,0,1,0,0,0,0,0
1001,1998,43532,1600,5,5,85,1070,3,0,0,0,0,0,0,0,0,1,0,0,0,0,0,0,0,1,0
1002,1998,42317,1600,5,5,85,1100,3,1,0,0,1,1,0,1,0,1,1,0,0,0,0,0,0,0,0
1003,1998,42186,1600,3,5,69,1050,3,0,0,0,0,0,0,0,0,1,0,0,1,0,0,0,0,0,0
1004,1998,42000,1600,3,5,69,1050,3,0,0,0,0,0,0,0,0,1,0,0,0,0,1,0,0,0,0
1005,1998,39800,1600,3,5,85,1080,3,0,0,0,0,0,0,0,0,1,0,0,1,0,0,0,0,0,0
1006,1998,39168,1300,3,5,69,1015,3,0,0,0,0,0,0,0,0,1,0,0,0,0,1,0,0,0,0
1007,1998,38945,1600,3,5,69,1050,3,1,0,0,1,0,1,0,0,1,0,0,0,0,0,0,0,0,0
1008,1998,36537,1600,4,5,85,1075,3,0,0,0,0,0,0,0,0,1,0,0,0,0,1,0,0,0,0
1009,1998,36000,1300,3,5,69,1045,3,0,0,0,0,0,0,0,0,1,0,0,1,0,0,0,0,0,0
1010,1998,36000,1600,3,5,69,1050,3,0,0,0,1,0,1,0,0,1,0,1,0,0,0,0,0,0,0
1011,1998,35821,1300,3,5,19,1015,3,0,0,0,0,0,0,0,0,1,0,0,0,0,1,0,0,0,0
1012,1998,34717,1300,3,5,69,1015,6,0,0,0,0,0,0,0,0,1,0,0,0,0,1,0,0,0,0
1013,1998,34000,1300,4,5,69,1000,12,0,0,0,0,0,0,0,0,1,0,0,0,0,0,1,0,0,0
1014,1998,29000,1300,3,5,69,1045,3,0,0,0,0,0,0,0,0,1,0,1,0,0,0,0,0,0,0
1015,1998,20544,1300,3,5,69,1025,3,1,0,0,1,0,0,0,0,1,0,1,0,0,0,0,0,0,0
1016,1998,17016,1300,3,5,69,1015,3,0,0,0,0,0,0,0,0,1,0,1,0,0,0,0,0,0,0
1017,1998,16916,1300,3,5,69,1015,3,0,0,0,0,0,0,0,0,1,0,0,0,1,0,0,0,0,0
1018,1998,1,1600,5,5,19,1114,3,0,0,0,0,0,0,0,0,1,0,0,1,0,0,0,0,0,0
